
> sophia-ai-factory@0.1.5 build
> NODE_OPTIONS=--max-old-space-size=4096 next build

▲ Next.js 16.3.5 (Turbopack)
- Environments: .env.local, .env
✓ Running next.config.ts took 1139ms
Warning: Custom Cache-Control headers detected for the following routes:
  - /_next/static/:path*

Setting a custom Cache-Control header can break Next.js development behavior.
- Experiments (use with caution):
  · clientTraceMetadata

⚠ The "middleware" file convention is deprecated. Please use "proxy" instead.

  To migrate automatically, run:
  npx @next/codemod@canary middleware-to-proxy .

  Learn more: https://nextjs.org/docs/messages/middleware-to-proxy
  Creating an optimized production build ...
(node:44316) [DEP0205] DeprecationWarning: `module.register()` is deprecated. Use `module.registerHooks()` instead.
(Use `node --trace-deprecation ...` to show where the warning was created)
(node:44385) [DEP0205] DeprecationWarning: `module.register()` is deprecated. Use `module.registerHooks()` instead.
(Use `node --trace-deprecation ...` to show where the warning was created)
✓ Compiled successfully in 22.8s
  Running next.config.js provided runAfterProductionCompile ...
✓ Completed runAfterProductionCompile in 160ms
  Running TypeScript ...
  Finished TypeScript in 8.3s ...
  Collecting page data using 9 workers ...
⚠ The Edge Runtime is deprecated. You can use the "nodejs" runtime instead. Learn more: https://nextjs.org/docs/messages/edge-runtime-deprecated
(node:45121) [DEP0169] DeprecationWarning: `url.parse()` behavior is not standardized and prone to errors that have security implications. Use the WHATWG URL API instead. CVEs are not issued for `url.parse()` vulnerabilities.
(Use `node --trace-deprecation ...` to show where the warning was created)
⚠ Using edge runtime on a page currently disables static generation for that page
(node:45116) [DEP0169] DeprecationWarning: `url.parse()` behavior is not standardized and prone to errors that have security implications. Use the WHATWG URL API instead. CVEs are not issued for `url.parse()` vulnerabilities.
(Use `node --trace-deprecation ...` to show where the warning was created)
(node:45119) [DEP0169] DeprecationWarning: `url.parse()` behavior is not standardized and prone to errors that have security implications. Use the WHATWG URL API instead. CVEs are not issued for `url.parse()` vulnerabilities.
(Use `node --trace-deprecation ...` to show where the warning was created)
{"timestamp":"2026-09-18T15:15:27.396Z","level":"error","message":"[LandingPagesRepo] getAllSlugs failed","requestId":{"context":"seed/utils"},"metadata":{"context":"seed/utils","error":"D1 binding not available"}}
  Generating static pages using 9 workers (0/279) ...
{"timestamp":"2026-09-18T15:15:27.495Z","level":"error","message":"[LandingPagesRepo] getBySlug failed","requestId":{"context":"seed/utils"},"metadata":{"context":"seed/utils","slug":"cleaning","error":"D1 binding not available"}}
  Generating static pages using 9 workers (69/279) 
{"timestamp":"2026-09-18T15:15:27.520Z","level":"error","message":"[LandingPagesRepo] getBySlug failed","requestId":{"context":"seed/utils"},"metadata":{"context":"seed/utils","slug":"manufacturing","error":"D1 binding not available"}}
{"timestamp":"2026-09-18T15:15:27.525Z","level":"error","message":"[LandingPagesRepo] getBySlug failed","requestId":{"context":"seed/utils"},"metadata":{"context":"seed/utils","slug":"beauty","error":"D1 binding not available"}}
{"timestamp":"2026-09-18T15:15:27.536Z","level":"error","message":"[LandingPagesRepo] getBySlug failed","requestId":{"context":"seed/utils"},"metadata":{"context":"seed/utils","slug":"manufacturing","error":"D1 binding not available"}}
{"timestamp":"2026-09-18T15:15:27.540Z","level":"error","message":"[LandingPagesRepo] getBySlug failed","requestId":{"context":"seed/utils"},"metadata":{"context":"seed/utils","slug":"manufacturing","error":"D1 binding not available"}}
{"timestamp":"2026-09-18T15:15:27.544Z","level":"error","message":"[LandingPagesRepo] getBySlug failed","requestId":{"context":"seed/utils"},"metadata":{"context":"seed/utils","slug":"cleaning","error":"D1 binding not available"}}
{"timestamp":"2026-09-18T15:15:27.548Z","level":"error","message":"[LandingPagesRepo] getBySlug failed","requestId":{"context":"seed/utils"},"metadata":{"context":"seed/utils","slug":"landscaping","error":"D1 binding not available"}}
{"timestamp":"2026-09-18T15:15:27.549Z","level":"error","message":"[LandingPagesRepo] getBySlug failed","requestId":{"context":"seed/utils"},"metadata":{"context":"seed/utils","slug":"landscaping","error":"D1 binding not available"}}
{"timestamp":"2026-09-18T15:15:27.548Z","level":"error","message":"[LandingPagesRepo] getBySlug failed","requestId":{"context":"seed/utils"},"metadata":{"context":"seed/utils","slug":"cleaning","error":"D1 binding not available"}}
{"timestamp":"2026-09-18T15:15:27.551Z","level":"error","message":"[LandingPagesRepo] getBySlug failed","requestId":{"context":"seed/utils"},"metadata":{"context":"seed/utils","slug":"landscaping","error":"D1 binding not available"}}
{"timestamp":"2026-09-18T15:15:27.556Z","level":"error","message":"[LandingPagesRepo] getBySlug failed","requestId":{"context":"seed/utils"},"metadata":{"context":"seed/utils","slug":"manufacturing","error":"D1 binding not available"}}
{"timestamp":"2026-09-18T15:15:27.557Z","level":"error","message":"[LandingPagesRepo] getBySlug failed","requestId":{"context":"seed/utils"},"metadata":{"context":"seed/utils","slug":"manufacturing","error":"D1 binding not available"}}
{"timestamp":"2026-09-18T15:15:27.559Z","level":"error","message":"[LandingPagesRepo] getBySlug failed","requestId":{"context":"seed/utils"},"metadata":{"context":"seed/utils","slug":"cleaning","error":"D1 binding not available"}}
{"timestamp":"2026-09-18T15:15:27.565Z","level":"error","message":"[LandingPagesRepo] getBySlug failed","requestId":{"context":"seed/utils"},"metadata":{"context":"seed/utils","slug":"beauty","error":"D1 binding not available"}}
{"timestamp":"2026-09-18T15:15:27.569Z","level":"error","message":"[LandingPagesRepo] getBySlug failed","requestId":{"context":"seed/utils"},"metadata":{"context":"seed/utils","slug":"beauty","error":"D1 binding not available"}}
{"timestamp":"2026-09-18T15:15:27.576Z","level":"error","message":"[LandingPagesRepo] getBySlug failed","requestId":{"context":"seed/utils"},"metadata":{"context":"seed/utils","slug":"cleaning","error":"D1 binding not available"}}
{"timestamp":"2026-09-18T15:15:27.578Z","level":"error","message":"[LandingPagesRepo] getBySlug failed","requestId":{"context":"seed/utils"},"metadata":{"context":"seed/utils","slug":"cleaning","error":"D1 binding not available"}}
{"timestamp":"2026-09-18T15:15:27.581Z","level":"error","message":"[LandingPagesRepo] getBySlug failed","requestId":{"context":"seed/utils"},"metadata":{"context":"seed/utils","slug":"coaching","error":"D1 binding not available"}}
{"timestamp":"2026-09-18T15:15:27.582Z","level":"error","message":"[LandingPagesRepo] getBySlug failed","requestId":{"context":"seed/utils"},"metadata":{"context":"seed/utils","slug":"coaching","error":"D1 binding not available"}}
{"timestamp":"2026-09-18T15:15:27.584Z","level":"error","message":"[LandingPagesRepo] getBySlug failed","requestId":{"context":"seed/utils"},"metadata":{"context":"seed/utils","slug":"coaching","error":"D1 binding not available"}}
{"timestamp":"2026-09-18T15:15:27.586Z","level":"error","message":"[LandingPagesRepo] getBySlug failed","requestId":{"context":"seed/utils"},"metadata":{"context":"seed/utils","slug":"manufacturing","error":"D1 binding not available"}}
{"timestamp":"2026-09-18T15:15:27.590Z","level":"error","message":"[LandingPagesRepo] getBySlug failed","requestId":{"context":"seed/utils"},"metadata":{"context":"seed/utils","slug":"coaching","error":"D1 binding not available"}}
{"timestamp":"2026-09-18T15:15:27.592Z","level":"error","message":"[LandingPagesRepo] getBySlug failed","requestId":{"context":"seed/utils"},"metadata":{"context":"seed/utils","slug":"coaching","error":"D1 binding not available"}}
{"timestamp":"2026-09-18T15:15:27.593Z","level":"error","message":"[LandingPagesRepo] getBySlug failed","requestId":{"context":"seed/utils"},"metadata":{"context":"seed/utils","slug":"coaching","error":"D1 binding not available"}}
{"timestamp":"2026-09-18T15:15:27.596Z","level":"error","message":"[LandingPagesRepo] getBySlug failed","requestId":{"context":"seed/utils"},"metadata":{"context":"seed/utils","slug":"pets","error":"D1 binding not available"}}
{"timestamp":"2026-09-18T15:15:27.598Z","level":"error","message":"[LandingPagesRepo] getBySlug failed","requestId":{"context":"seed/utils"},"metadata":{"context":"seed/utils","slug":"pets","error":"D1 binding not available"}}
{"timestamp":"2026-09-18T15:15:27.600Z","level":"error","message":"[LandingPagesRepo] getBySlug failed","requestId":{"context":"seed/utils"},"metadata":{"context":"seed/utils","slug":"coffee-shop","error":"D1 binding not available"}}
{"timestamp":"2026-09-18T15:15:27.601Z","level":"error","message":"[LandingPagesRepo] getBySlug failed","requestId":{"context":"seed/utils"},"metadata":{"context":"seed/utils","slug":"coffee-shop","error":"D1 binding not available"}}
{"timestamp":"2026-09-18T15:15:27.600Z","level":"error","message":"[LandingPagesRepo] getBySlug failed","requestId":{"context":"seed/utils"},"metadata":{"context":"seed/utils","slug":"pets","error":"D1 binding not available"}}
{"timestamp":"2026-09-18T15:15:27.602Z","level":"error","message":"[LandingPagesRepo] getBySlug failed","requestId":{"context":"seed/utils"},"metadata":{"context":"seed/utils","slug":"coffee-shop","error":"D1 binding not available"}}
{"timestamp":"2026-09-18T15:15:27.605Z","level":"error","message":"[LandingPagesRepo] getBySlug failed","requestId":{"context":"seed/utils"},"metadata":{"context":"seed/utils","slug":"coffee-shop","error":"D1 binding not available"}}
{"timestamp":"2026-09-18T15:15:27.605Z","level":"error","message":"[LandingPagesRepo] getBySlug failed","requestId":{"context":"seed/utils"},"metadata":{"context":"seed/utils","slug":"coffee-shop","error":"D1 binding not available"}}
{"timestamp":"2026-09-18T15:15:27.607Z","level":"error","message":"[LandingPagesRepo] getBySlug failed","requestId":{"context":"seed/utils"},"metadata":{"context":"seed/utils","slug":"coffee-shop","error":"D1 binding not available"}}
{"timestamp":"2026-09-18T15:15:27.611Z","level":"error","message":"[LandingPagesRepo] getBySlug failed","requestId":{"context":"seed/utils"},"metadata":{"context":"seed/utils","slug":"medical","error":"D1 binding not available"}}
{"timestamp":"2026-09-18T15:15:27.612Z","level":"error","message":"[LandingPagesRepo] getBySlug failed","requestId":{"context":"seed/utils"},"metadata":{"context":"seed/utils","slug":"medical","error":"D1 binding not available"}}
{"timestamp":"2026-09-18T15:15:27.614Z","level":"error","message":"[LandingPagesRepo] getBySlug failed","requestId":{"context":"seed/utils"},"metadata":{"context":"seed/utils","slug":"medical","error":"D1 binding not available"}}
{"timestamp":"2026-09-18T15:15:27.616Z","level":"error","message":"[LandingPagesRepo] getBySlug failed","requestId":{"context":"seed/utils"},"metadata":{"context":"seed/utils","slug":"sports","error":"D1 binding not available"}}
{"timestamp":"2026-09-18T15:15:27.616Z","level":"error","message":"[LandingPagesRepo] getBySlug failed","requestId":{"context":"seed/utils"},"metadata":{"context":"seed/utils","slug":"medical","error":"D1 binding not available"}}
{"timestamp":"2026-09-18T15:15:27.617Z","level":"error","message":"[LandingPagesRepo] getBySlug failed","requestId":{"context":"seed/utils"},"metadata":{"context":"seed/utils","slug":"medical","error":"D1 binding not available"}}
{"timestamp":"2026-09-18T15:15:27.617Z","level":"error","message":"[LandingPagesRepo] getBySlug failed","requestId":{"context":"seed/utils"},"metadata":{"context":"seed/utils","slug":"sports","error":"D1 binding not available"}}
{"timestamp":"2026-09-18T15:15:27.619Z","level":"error","message":"[LandingPagesRepo] getBySlug failed","requestId":{"context":"seed/utils"},"metadata":{"context":"seed/utils","slug":"medical","error":"D1 binding not available"}}
{"timestamp":"2026-09-18T15:15:27.619Z","level":"error","message":"[LandingPagesRepo] getBySlug failed","requestId":{"context":"seed/utils"},"metadata":{"context":"seed/utils","slug":"sports","error":"D1 binding not available"}}
{"timestamp":"2026-09-18T15:15:27.622Z","level":"error","message":"[LandingPagesRepo] getBySlug failed","requestId":{"context":"seed/utils"},"metadata":{"context":"seed/utils","slug":"sports","error":"D1 binding not available"}}
{"timestamp":"2026-09-18T15:15:27.623Z","level":"error","message":"[LandingPagesRepo] getBySlug failed","requestId":{"context":"seed/utils"},"metadata":{"context":"seed/utils","slug":"sports","error":"D1 binding not available"}}
{"timestamp":"2026-09-18T15:15:27.628Z","level":"error","message":"[LandingPagesRepo] getBySlug failed","requestId":{"context":"seed/utils"},"metadata":{"context":"seed/utils","slug":"sports","error":"D1 binding not available"}}
{"timestamp":"2026-09-18T15:15:27.629Z","level":"error","message":"[LandingPagesRepo] getBySlug failed","requestId":{"context":"seed/utils"},"metadata":{"context":"seed/utils","slug":"consulting","error":"D1 binding not available"}}
{"timestamp":"2026-09-18T15:15:27.630Z","level":"error","message":"[LandingPagesRepo] getBySlug failed","requestId":{"context":"seed/utils"},"metadata":{"context":"seed/utils","slug":"consulting","error":"D1 binding not available"}}
{"timestamp":"2026-09-18T15:15:27.631Z","level":"error","message":"[LandingPagesRepo] getBySlug failed","requestId":{"context":"seed/utils"},"metadata":{"context":"seed/utils","slug":"pharmacy","error":"D1 binding not available"}}
{"timestamp":"2026-09-18T15:15:27.632Z","level":"error","message":"[LandingPagesRepo] getBySlug failed","requestId":{"context":"seed/utils"},"metadata":{"context":"seed/utils","slug":"consulting","error":"D1 binding not available"}}
{"timestamp":"2026-09-18T15:15:27.632Z","level":"error","message":"[LandingPagesRepo] getBySlug failed","requestId":{"context":"seed/utils"},"metadata":{"context":"seed/utils","slug":"music","error":"D1 binding not available"}}
{"timestamp":"2026-09-18T15:15:27.633Z","level":"error","message":"[LandingPagesRepo] getBySlug failed","requestId":{"context":"seed/utils"},"metadata":{"context":"seed/utils","slug":"pharmacy","error":"D1 binding not available"}}
{"timestamp":"2026-09-18T15:15:27.633Z","level":"error","message":"[LandingPagesRepo] getBySlug failed","requestId":{"context":"seed/utils"},"metadata":{"context":"seed/utils","slug":"music","error":"D1 binding not available"}}
{"timestamp":"2026-09-18T15:15:27.634Z","level":"error","message":"[LandingPagesRepo] getBySlug failed","requestId":{"context":"seed/utils"},"metadata":{"context":"seed/utils","slug":"consulting","error":"D1 binding not available"}}
{"timestamp":"2026-09-18T15:15:27.635Z","level":"error","message":"[LandingPagesRepo] getBySlug failed","requestId":{"context":"seed/utils"},"metadata":{"context":"seed/utils","slug":"consulting","error":"D1 binding not available"}}
{"timestamp":"2026-09-18T15:15:27.635Z","level":"error","message":"[LandingPagesRepo] getBySlug failed","requestId":{"context":"seed/utils"},"metadata":{"context":"seed/utils","slug":"music","error":"D1 binding not available"}}
{"timestamp":"2026-09-18T15:15:27.635Z","level":"error","message":"[LandingPagesRepo] getBySlug failed","requestId":{"context":"seed/utils"},"metadata":{"context":"seed/utils","slug":"pharmacy","error":"D1 binding not available"}}
  Generating static pages using 9 workers (139/279) 
{"timestamp":"2026-09-18T15:15:27.636Z","level":"error","message":"[LandingPagesRepo] getBySlug failed","requestId":{"context":"seed/utils"},"metadata":{"context":"seed/utils","slug":"consulting","error":"D1 binding not available"}}
{"timestamp":"2026-09-18T15:15:27.639Z","level":"error","message":"[LandingPagesRepo] getBySlug failed","requestId":{"context":"seed/utils"},"metadata":{"context":"seed/utils","slug":"pharmacy","error":"D1 binding not available"}}
{"timestamp":"2026-09-18T15:15:27.640Z","level":"error","message":"[LandingPagesRepo] getBySlug failed","requestId":{"context":"seed/utils"},"metadata":{"context":"seed/utils","slug":"pharmacy","error":"D1 binding not available"}}
{"timestamp":"2026-09-18T15:15:27.642Z","level":"error","message":"[LandingPagesRepo] getBySlug failed","requestId":{"context":"seed/utils"},"metadata":{"context":"seed/utils","slug":"photography","error":"D1 binding not available"}}
{"timestamp":"2026-09-18T15:15:27.642Z","level":"error","message":"[LandingPagesRepo] getBySlug failed","requestId":{"context":"seed/utils"},"metadata":{"context":"seed/utils","slug":"pharmacy","error":"D1 binding not available"}}
{"timestamp":"2026-09-18T15:15:27.643Z","level":"error","message":"[LandingPagesRepo] getBySlug failed","requestId":{"context":"seed/utils"},"metadata":{"context":"seed/utils","slug":"photography","error":"D1 binding not available"}}
{"timestamp":"2026-09-18T15:15:27.644Z","level":"error","message":"[LandingPagesRepo] getBySlug failed","requestId":{"context":"seed/utils"},"metadata":{"context":"seed/utils","slug":"photography","error":"D1 binding not available"}}
{"timestamp":"2026-09-18T15:15:27.646Z","level":"error","message":"[LandingPagesRepo] getBySlug failed","requestId":{"context":"seed/utils"},"metadata":{"context":"seed/utils","slug":"photography","error":"D1 binding not available"}}
{"timestamp":"2026-09-18T15:15:27.647Z","level":"error","message":"[LandingPagesRepo] getBySlug failed","requestId":{"context":"seed/utils"},"metadata":{"context":"seed/utils","slug":"photography","error":"D1 binding not available"}}
{"timestamp":"2026-09-18T15:15:27.649Z","level":"error","message":"[LandingPagesRepo] getBySlug failed","requestId":{"context":"seed/utils"},"metadata":{"context":"seed/utils","slug":"photography","error":"D1 binding not available"}}
{"timestamp":"2026-09-18T15:15:27.652Z","level":"error","message":"[LandingPagesRepo] getBySlug failed","requestId":{"context":"seed/utils"},"metadata":{"context":"seed/utils","slug":"spa","error":"D1 binding not available"}}
(node:45118) [DEP0169] DeprecationWarning: `url.parse()` behavior is not standardized and prone to errors that have security implications. Use the WHATWG URL API instead. CVEs are not issued for `url.parse()` vulnerabilities.
(Use `node --trace-deprecation ...` to show where the warning was created)
{"timestamp":"2026-09-18T15:15:27.654Z","level":"error","message":"[LandingPagesRepo] getBySlug failed","requestId":{"context":"seed/utils"},"metadata":{"context":"seed/utils","slug":"spa","error":"D1 binding not available"}}
{"timestamp":"2026-09-18T15:15:27.655Z","level":"error","message":"[LandingPagesRepo] getBySlug failed","requestId":{"context":"seed/utils"},"metadata":{"context":"seed/utils","slug":"beauty","error":"D1 binding not available"}}
{"timestamp":"2026-09-18T15:15:27.655Z","level":"error","message":"[LandingPagesRepo] getBySlug failed","requestId":{"context":"seed/utils"},"metadata":{"context":"seed/utils","slug":"spa","error":"D1 binding not available"}}
{"timestamp":"2026-09-18T15:15:27.656Z","level":"error","message":"[LandingPagesRepo] getBySlug failed","requestId":{"context":"seed/utils"},"metadata":{"context":"seed/utils","slug":"beauty","error":"D1 binding not available"}}
{"timestamp":"2026-09-18T15:15:27.658Z","level":"error","message":"[LandingPagesRepo] getBySlug failed","requestId":{"context":"seed/utils"},"metadata":{"context":"seed/utils","slug":"beauty","error":"D1 binding not available"}}
{"timestamp":"2026-09-18T15:15:27.658Z","level":"error","message":"[LandingPagesRepo] getBySlug failed","requestId":{"context":"seed/utils"},"metadata":{"context":"seed/utils","slug":"real-estate","error":"D1 binding not available"}}
{"timestamp":"2026-09-18T15:15:27.679Z","level":"error","message":"[LandingPagesRepo] getBySlug failed","requestId":{"context":"seed/utils"},"metadata":{"context":"seed/utils","slug":"real-estate","error":"D1 binding not available"}}
{"timestamp":"2026-09-18T15:15:27.682Z","level":"error","message":"[LandingPagesRepo] getBySlug failed","requestId":{"context":"seed/utils"},"metadata":{"context":"seed/utils","slug":"real-estate","error":"D1 binding not available"}}
{"timestamp":"2026-09-18T15:15:27.685Z","level":"error","message":"[LandingPagesRepo] getBySlug failed","requestId":{"context":"seed/utils"},"metadata":{"context":"seed/utils","slug":"real-estate","error":"D1 binding not available"}}
{"timestamp":"2026-09-18T15:15:27.687Z","level":"error","message":"[LandingPagesRepo] getBySlug failed","requestId":{"context":"seed/utils"},"metadata":{"context":"seed/utils","slug":"real-estate","error":"D1 binding not available"}}
{"timestamp":"2026-09-18T15:15:27.689Z","level":"error","message":"[LandingPagesRepo] getBySlug failed","requestId":{"context":"seed/utils"},"metadata":{"context":"seed/utils","slug":"real-estate","error":"D1 binding not available"}}
{"timestamp":"2026-09-18T15:15:27.695Z","level":"error","message":"[LandingPagesRepo] getBySlug failed","requestId":{"context":"seed/utils"},"metadata":{"context":"seed/utils","slug":"e-commerce","error":"D1 binding not available"}}
{"timestamp":"2026-09-18T15:15:27.696Z","level":"error","message":"[LandingPagesRepo] getBySlug failed","requestId":{"context":"seed/utils"},"metadata":{"context":"seed/utils","slug":"e-commerce","error":"D1 binding not available"}}
{"timestamp":"2026-09-18T15:15:27.697Z","level":"error","message":"[LandingPagesRepo] getBySlug failed","requestId":{"context":"seed/utils"},"metadata":{"context":"seed/utils","slug":"e-commerce","error":"D1 binding not available"}}
{"timestamp":"2026-09-18T15:15:27.706Z","level":"error","message":"[LandingPagesRepo] getBySlug failed","requestId":{"context":"seed/utils"},"metadata":{"context":"seed/utils","slug":"e-commerce","error":"D1 binding not available"}}
{"timestamp":"2026-09-18T15:15:27.708Z","level":"error","message":"[LandingPagesRepo] getBySlug failed","requestId":{"context":"seed/utils"},"metadata":{"context":"seed/utils","slug":"e-commerce","error":"D1 binding not available"}}
{"timestamp":"2026-09-18T15:15:27.709Z","level":"error","message":"[LandingPagesRepo] getBySlug failed","requestId":{"context":"seed/utils"},"metadata":{"context":"seed/utils","slug":"e-commerce","error":"D1 binding not available"}}
[logger-fallback] {"timestamp":"2026-09-18T15:15:28.154Z","level":"warn","message":"[CircuitBreaker] openrouter:platform failure recorded","requestId":{"context":"seed/utils"},"metadata":{"context":"seed/utils","service":"openrouter:platform","kind":"AUTH_FAILURE","failureCount":1,"state":"OPEN"}}
{"timestamp":"2026-09-18T15:15:28.154Z","level":"error","message":"[CircuitBreaker] D1 persist failed","requestId":{"context":"seed/utils"},"metadata":{"context":"seed/utils","service":"openrouter:platform","error":"Error: D1 database binding not available — call getD1() first to resolve local shim"}}
[logger-fallback] {"timestamp":"2026-09-18T15:15:28.154Z","level":"warn","message":"[openrouter-client] OpenRouter failed, trying fallback","requestId":{"context":"seed/utils"},"metadata":{"context":"seed/utils","error":"OpenRouter HTTP 401: {\"error\":{\"message\":\"User not found.\",\"code\":401}}"}}
{"timestamp":"2026-09-18T15:15:28.155Z","level":"error","message":"[LLMFallback] Generation failed","requestId":{"context":"seed/utils"},"metadata":{"context":"seed/utils","nicheSlug":"manufacturing","error":"OpenRouter HTTP 401: {\"error\":{\"message\":\"User not found.\",\"code\":401}}"}}
{"timestamp":"2026-09-18T15:15:28.155Z","level":"error","message":"[LandingSSG] Failed to load content","requestId":{"context":"seed/utils"},"metadata":{"context":"seed/utils","niche":"manufacturing","locale":"en","error":"Failed to generate landing page for \"manufacturing\": OpenRouter HTTP 401: {\"error\":{\"message\":\"User not found.\",\"code\":401}}"}}
[logger-fallback] {"timestamp":"2026-09-18T15:15:28.156Z","level":"warn","message":"[CircuitBreaker] openrouter:platform failure recorded","requestId":{"context":"seed/utils"},"metadata":{"context":"seed/utils","service":"openrouter:platform","kind":"AUTH_FAILURE","failureCount":1,"state":"OPEN"}}
{"timestamp":"2026-09-18T15:15:28.156Z","level":"error","message":"[CircuitBreaker] D1 persist failed","requestId":{"context":"seed/utils"},"metadata":{"context":"seed/utils","service":"openrouter:platform","error":"Error: D1 database binding not available — call getD1() first to resolve local shim"}}
[logger-fallback] {"timestamp":"2026-09-18T15:15:28.157Z","level":"warn","message":"[openrouter-client] OpenRouter failed, trying fallback","requestId":{"context":"seed/utils"},"metadata":{"context":"seed/utils","error":"OpenRouter HTTP 401: {\"error\":{\"message\":\"User not found.\",\"code\":401}}"}}
{"timestamp":"2026-09-18T15:15:28.157Z","level":"error","message":"[LLMFallback] Generation failed","requestId":{"context":"seed/utils"},"metadata":{"context":"seed/utils","nicheSlug":"cleaning","error":"OpenRouter HTTP 401: {\"error\":{\"message\":\"User not found.\",\"code\":401}}"}}
{"timestamp":"2026-09-18T15:15:28.157Z","level":"error","message":"[LandingSSG] Failed to load content","requestId":{"context":"seed/utils"},"metadata":{"context":"seed/utils","niche":"cleaning","locale":"vi","error":"Failed to generate landing page for \"cleaning\": OpenRouter HTTP 401: {\"error\":{\"message\":\"User not found.\",\"code\":401}}"}}
[logger-fallback] {"timestamp":"2026-09-18T15:15:28.168Z","level":"warn","message":"[CircuitBreaker] openrouter:platform failure recorded","requestId":{"context":"seed/utils"},"metadata":{"context":"seed/utils","service":"openrouter:platform","kind":"AUTH_FAILURE","failureCount":1,"state":"OPEN"}}
{"timestamp":"2026-09-18T15:15:28.168Z","level":"error","message":"[CircuitBreaker] D1 persist failed","requestId":{"context":"seed/utils"},"metadata":{"context":"seed/utils","service":"openrouter:platform","error":"Error: D1 database binding not available — call getD1() first to resolve local shim"}}
[logger-fallback] {"timestamp":"2026-09-18T15:15:28.169Z","level":"warn","message":"[openrouter-client] OpenRouter failed, trying fallback","requestId":{"context":"seed/utils"},"metadata":{"context":"seed/utils","error":"OpenRouter HTTP 401: {\"error\":{\"message\":\"User not found.\",\"code\":401}}"}}
{"timestamp":"2026-09-18T15:15:28.169Z","level":"error","message":"[LLMFallback] Generation failed","requestId":{"context":"seed/utils"},"metadata":{"context":"seed/utils","nicheSlug":"sports","error":"OpenRouter HTTP 401: {\"error\":{\"message\":\"User not found.\",\"code\":401}}"}}
{"timestamp":"2026-09-18T15:15:28.169Z","level":"error","message":"[LandingSSG] Failed to load content","requestId":{"context":"seed/utils"},"metadata":{"context":"seed/utils","niche":"sports","locale":"en","error":"Failed to generate landing page for \"sports\": OpenRouter HTTP 401: {\"error\":{\"message\":\"User not found.\",\"code\":401}}"}}
[logger-fallback] {"timestamp":"2026-09-18T15:15:28.204Z","level":"warn","message":"[CircuitBreaker] openrouter:platform failure recorded","requestId":{"context":"seed/utils"},"metadata":{"context":"seed/utils","service":"openrouter:platform","kind":"AUTH_FAILURE","failureCount":2,"state":"OPEN"}}
{"timestamp":"2026-09-18T15:15:28.204Z","level":"error","message":"[CircuitBreaker] D1 persist failed","requestId":{"context":"seed/utils"},"metadata":{"context":"seed/utils","service":"openrouter:platform","error":"Error: D1 database binding not available — call getD1() first to resolve local shim"}}
[logger-fallback] {"timestamp":"2026-09-18T15:15:28.204Z","level":"warn","message":"[openrouter-client] OpenRouter failed, trying fallback","requestId":{"context":"seed/utils"},"metadata":{"context":"seed/utils","error":"OpenRouter HTTP 401: {\"error\":{\"message\":\"User not found.\",\"code\":401}}"}}
{"timestamp":"2026-09-18T15:15:28.205Z","level":"error","message":"[LLMFallback] Generation failed","requestId":{"context":"seed/utils"},"metadata":{"context":"seed/utils","nicheSlug":"manufacturing","error":"OpenRouter HTTP 401: {\"error\":{\"message\":\"User not found.\",\"code\":401}}"}}
{"timestamp":"2026-09-18T15:15:28.205Z","level":"error","message":"[LandingSSG] Failed to load content","requestId":{"context":"seed/utils"},"metadata":{"context":"seed/utils","niche":"manufacturing","locale":"vi","error":"Failed to generate landing page for \"manufacturing\": OpenRouter HTTP 401: {\"error\":{\"message\":\"User not found.\",\"code\":401}}"}}
[logger-fallback] {"timestamp":"2026-09-18T15:15:28.208Z","level":"warn","message":"[CircuitBreaker] openrouter:platform failure recorded","requestId":{"context":"seed/utils"},"metadata":{"context":"seed/utils","service":"openrouter:platform","kind":"AUTH_FAILURE","failureCount":3,"state":"OPEN"}}
{"timestamp":"2026-09-18T15:15:28.208Z","level":"error","message":"[CircuitBreaker] D1 persist failed","requestId":{"context":"seed/utils"},"metadata":{"context":"seed/utils","service":"openrouter:platform","error":"Error: D1 database binding not available — call getD1() first to resolve local shim"}}
[logger-fallback] {"timestamp":"2026-09-18T15:15:28.208Z","level":"warn","message":"[openrouter-client] OpenRouter failed, trying fallback","requestId":{"context":"seed/utils"},"metadata":{"context":"seed/utils","error":"OpenRouter HTTP 401: {\"error\":{\"message\":\"User not found.\",\"code\":401}}"}}
{"timestamp":"2026-09-18T15:15:28.209Z","level":"error","message":"[LLMFallback] Generation failed","requestId":{"context":"seed/utils"},"metadata":{"context":"seed/utils","nicheSlug":"medical","error":"OpenRouter HTTP 401: {\"error\":{\"message\":\"User not found.\",\"code\":401}}"}}
{"timestamp":"2026-09-18T15:15:28.209Z","level":"error","message":"[LandingSSG] Failed to load content","requestId":{"context":"seed/utils"},"metadata":{"context":"seed/utils","niche":"medical","locale":"en","error":"Failed to generate landing page for \"medical\": OpenRouter HTTP 401: {\"error\":{\"message\":\"User not found.\",\"code\":401}}"}}
[logger-fallback] {"timestamp":"2026-09-18T15:15:28.219Z","level":"warn","message":"[CircuitBreaker] openrouter:platform failure recorded","requestId":{"context":"seed/utils"},"metadata":{"context":"seed/utils","service":"openrouter:platform","kind":"AUTH_FAILURE","failureCount":2,"state":"OPEN"}}
[logger-fallback] {"timestamp":"2026-09-18T15:15:28.219Z","level":"warn","message":"[CircuitBreaker] openrouter:platform failure recorded","requestId":{"context":"seed/utils"},"metadata":{"context":"seed/utils","service":"openrouter:platform","kind":"AUTH_FAILURE","failureCount":2,"state":"OPEN"}}
[logger-fallback] {"timestamp":"2026-09-18T15:15:28.219Z","level":"warn","message":"[CircuitBreaker] openrouter:platform failure recorded","requestId":{"context":"seed/utils"},"metadata":{"context":"seed/utils","service":"openrouter:platform","kind":"AUTH_FAILURE","failureCount":1,"state":"OPEN"}}
{"timestamp":"2026-09-18T15:15:28.219Z","level":"error","message":"[CircuitBreaker] D1 persist failed","requestId":{"context":"seed/utils"},"metadata":{"context":"seed/utils","service":"openrouter:platform","error":"Error: D1 database binding not available — call getD1() first to resolve local shim"}}
[logger-fallback] {"timestamp":"2026-09-18T15:15:28.219Z","level":"warn","message":"[openrouter-client] OpenRouter failed, trying fallback","requestId":{"context":"seed/utils"},"metadata":{"context":"seed/utils","error":"OpenRouter HTTP 401: {\"error\":{\"message\":\"User not found.\",\"code\":401}}"}}
{"timestamp":"2026-09-18T15:15:28.220Z","level":"error","message":"[LLMFallback] Generation failed","requestId":{"context":"seed/utils"},"metadata":{"context":"seed/utils","nicheSlug":"coaching","error":"OpenRouter HTTP 401: {\"error\":{\"message\":\"User not found.\",\"code\":401}}"}}
{"timestamp":"2026-09-18T15:15:28.220Z","level":"error","message":"[LandingSSG] Failed to load content","requestId":{"context":"seed/utils"},"metadata":{"context":"seed/utils","niche":"coaching","locale":"en","error":"Failed to generate landing page for \"coaching\": OpenRouter HTTP 401: {\"error\":{\"message\":\"User not found.\",\"code\":401}}"}}
{"timestamp":"2026-09-18T15:15:28.219Z","level":"error","message":"[CircuitBreaker] D1 persist failed","requestId":{"context":"seed/utils"},"metadata":{"context":"seed/utils","service":"openrouter:platform","error":"Error: D1 database binding not available — call getD1() first to resolve local shim"}}
[logger-fallback] {"timestamp":"2026-09-18T15:15:28.219Z","level":"warn","message":"[openrouter-client] OpenRouter failed, trying fallback","requestId":{"context":"seed/utils"},"metadata":{"context":"seed/utils","error":"OpenRouter HTTP 401: {\"error\":{\"message\":\"User not found.\",\"code\":401}}"}}
{"timestamp":"2026-09-18T15:15:28.220Z","level":"error","message":"[LLMFallback] Generation failed","requestId":{"context":"seed/utils"},"metadata":{"context":"seed/utils","nicheSlug":"sports","error":"OpenRouter HTTP 401: {\"error\":{\"message\":\"User not found.\",\"code\":401}}"}}
{"timestamp":"2026-09-18T15:15:28.220Z","level":"error","message":"[LandingSSG] Failed to load content","requestId":{"context":"seed/utils"},"metadata":{"context":"seed/utils","niche":"sports","locale":"vi","error":"Failed to generate landing page for \"sports\": OpenRouter HTTP 401: {\"error\":{\"message\":\"User not found.\",\"code\":401}}"}}
{"timestamp":"2026-09-18T15:15:28.220Z","level":"error","message":"[CircuitBreaker] D1 persist failed","requestId":{"context":"seed/utils"},"metadata":{"context":"seed/utils","service":"openrouter:platform","error":"Error: D1 database binding not available — call getD1() first to resolve local shim"}}
[logger-fallback] {"timestamp":"2026-09-18T15:15:28.220Z","level":"warn","message":"[openrouter-client] OpenRouter failed, trying fallback","requestId":{"context":"seed/utils"},"metadata":{"context":"seed/utils","error":"OpenRouter HTTP 401: {\"error\":{\"message\":\"User not found.\",\"code\":401}}"}}
{"timestamp":"2026-09-18T15:15:28.220Z","level":"error","message":"[LLMFallback] Generation failed","requestId":{"context":"seed/utils"},"metadata":{"context":"seed/utils","nicheSlug":"real-estate","error":"OpenRouter HTTP 401: {\"error\":{\"message\":\"User not found.\",\"code\":401}}"}}
{"timestamp":"2026-09-18T15:15:28.220Z","level":"error","message":"[LandingSSG] Failed to load content","requestId":{"context":"seed/utils"},"metadata":{"context":"seed/utils","niche":"real-estate","locale":"en","error":"Failed to generate landing page for \"real-estate\": OpenRouter HTTP 401: {\"error\":{\"message\":\"User not found.\",\"code\":401}}"}}
[logger-fallback] {"timestamp":"2026-09-18T15:15:28.237Z","level":"warn","message":"[CircuitBreaker] openrouter:platform failure recorded","requestId":{"context":"seed/utils"},"metadata":{"context":"seed/utils","service":"openrouter:platform","kind":"AUTH_FAILURE","failureCount":3,"state":"OPEN"}}
{"timestamp":"2026-09-18T15:15:28.237Z","level":"error","message":"[CircuitBreaker] D1 persist failed","requestId":{"context":"seed/utils"},"metadata":{"context":"seed/utils","service":"openrouter:platform","error":"Error: D1 database binding not available — call getD1() first to resolve local shim"}}
[logger-fallback] {"timestamp":"2026-09-18T15:15:28.237Z","level":"warn","message":"[openrouter-client] OpenRouter failed, trying fallback","requestId":{"context":"seed/utils"},"metadata":{"context":"seed/utils","error":"OpenRouter HTTP 401: {\"error\":{\"message\":\"User not found.\",\"code\":401}}"}}
{"timestamp":"2026-09-18T15:15:28.237Z","level":"error","message":"[LLMFallback] Generation failed","requestId":{"context":"seed/utils"},"metadata":{"context":"seed/utils","nicheSlug":"coaching","error":"OpenRouter HTTP 401: {\"error\":{\"message\":\"User not found.\",\"code\":401}}"}}
{"timestamp":"2026-09-18T15:15:28.238Z","level":"error","message":"[LandingSSG] Failed to load content","requestId":{"context":"seed/utils"},"metadata":{"context":"seed/utils","niche":"coaching","locale":"vi","error":"Failed to generate landing page for \"coaching\": OpenRouter HTTP 401: {\"error\":{\"message\":\"User not found.\",\"code\":401}}"}}
[logger-fallback] {"timestamp":"2026-09-18T15:15:28.242Z","level":"warn","message":"[CircuitBreaker] openrouter:platform failure recorded","requestId":{"context":"seed/utils"},"metadata":{"context":"seed/utils","service":"openrouter:platform","kind":"AUTH_FAILURE","failureCount":2,"state":"OPEN"}}
{"timestamp":"2026-09-18T15:15:28.243Z","level":"error","message":"[CircuitBreaker] D1 persist failed","requestId":{"context":"seed/utils"},"metadata":{"context":"seed/utils","service":"openrouter:platform","error":"Error: D1 database binding not available — call getD1() first to resolve local shim"}}
[logger-fallback] {"timestamp":"2026-09-18T15:15:28.243Z","level":"warn","message":"[openrouter-client] OpenRouter failed, trying fallback","requestId":{"context":"seed/utils"},"metadata":{"context":"seed/utils","error":"OpenRouter HTTP 401: {\"error\":{\"message\":\"User not found.\",\"code\":401}}"}}
{"timestamp":"2026-09-18T15:15:28.243Z","level":"error","message":"[LLMFallback] Generation failed","requestId":{"context":"seed/utils"},"metadata":{"context":"seed/utils","nicheSlug":"e-commerce","error":"OpenRouter HTTP 401: {\"error\":{\"message\":\"User not found.\",\"code\":401}}"}}
{"timestamp":"2026-09-18T15:15:28.243Z","level":"error","message":"[LandingSSG] Failed to load content","requestId":{"context":"seed/utils"},"metadata":{"context":"seed/utils","niche":"e-commerce","locale":"en","error":"Failed to generate landing page for \"e-commerce\": OpenRouter HTTP 401: {\"error\":{\"message\":\"User not found.\",\"code\":401}}"}}
[logger-fallback] {"timestamp":"2026-09-18T15:15:28.249Z","level":"warn","message":"[CircuitBreaker] openrouter:platform failure recorded","requestId":{"context":"seed/utils"},"metadata":{"context":"seed/utils","service":"openrouter:platform","kind":"AUTH_FAILURE","failureCount":4,"state":"OPEN"}}
{"timestamp":"2026-09-18T15:15:28.250Z","level":"error","message":"[CircuitBreaker] D1 persist failed","requestId":{"context":"seed/utils"},"metadata":{"context":"seed/utils","service":"openrouter:platform","error":"Error: D1 database binding not available — call getD1() first to resolve local shim"}}
[logger-fallback] {"timestamp":"2026-09-18T15:15:28.250Z","level":"warn","message":"[openrouter-client] OpenRouter failed, trying fallback","requestId":{"context":"seed/utils"},"metadata":{"context":"seed/utils","error":"OpenRouter HTTP 401: {\"error\":{\"message\":\"User not found.\",\"code\":401}}"}}
{"timestamp":"2026-09-18T15:15:28.250Z","level":"error","message":"[LLMFallback] Generation failed","requestId":{"context":"seed/utils"},"metadata":{"context":"seed/utils","nicheSlug":"pharmacy","error":"OpenRouter HTTP 401: {\"error\":{\"message\":\"User not found.\",\"code\":401}}"}}
{"timestamp":"2026-09-18T15:15:28.250Z","level":"error","message":"[LandingSSG] Failed to load content","requestId":{"context":"seed/utils"},"metadata":{"context":"seed/utils","niche":"pharmacy","locale":"vi","error":"Failed to generate landing page for \"pharmacy\": OpenRouter HTTP 401: {\"error\":{\"message\":\"User not found.\",\"code\":401}}"}}
[logger-fallback] {"timestamp":"2026-09-18T15:15:28.258Z","level":"warn","message":"[CircuitBreaker] openrouter:platform failure recorded","requestId":{"context":"seed/utils"},"metadata":{"context":"seed/utils","service":"openrouter:platform","kind":"AUTH_FAILURE","failureCount":3,"state":"OPEN"}}
{"timestamp":"2026-09-18T15:15:28.258Z","level":"error","message":"[CircuitBreaker] D1 persist failed","requestId":{"context":"seed/utils"},"metadata":{"context":"seed/utils","service":"openrouter:platform","error":"Error: D1 database binding not available — call getD1() first to resolve local shim"}}
[logger-fallback] {"timestamp":"2026-09-18T15:15:28.258Z","level":"warn","message":"[openrouter-client] OpenRouter failed, trying fallback","requestId":{"context":"seed/utils"},"metadata":{"context":"seed/utils","error":"OpenRouter HTTP 401: {\"error\":{\"message\":\"User not found.\",\"code\":401}}"}}
{"timestamp":"2026-09-18T15:15:28.258Z","level":"error","message":"[LLMFallback] Generation failed","requestId":{"context":"seed/utils"},"metadata":{"context":"seed/utils","nicheSlug":"photography","error":"OpenRouter HTTP 401: {\"error\":{\"message\":\"User not found.\",\"code\":401}}"}}
{"timestamp":"2026-09-18T15:15:28.259Z","level":"error","message":"[LandingSSG] Failed to load content","requestId":{"context":"seed/utils"},"metadata":{"context":"seed/utils","niche":"photography","locale":"vi","error":"Failed to generate landing page for \"photography\": OpenRouter HTTP 401: {\"error\":{\"message\":\"User not found.\",\"code\":401}}"}}
[logger-fallback] {"timestamp":"2026-09-18T15:15:28.265Z","level":"warn","message":"[CircuitBreaker] openrouter:platform failure recorded","requestId":{"context":"seed/utils"},"metadata":{"context":"seed/utils","service":"openrouter:platform","kind":"AUTH_FAILURE","failureCount":4,"state":"OPEN"}}
[logger-fallback] {"timestamp":"2026-09-18T15:15:28.265Z","level":"warn","message":"[CircuitBreaker] openrouter:platform failure recorded","requestId":{"context":"seed/utils"},"metadata":{"context":"seed/utils","service":"openrouter:platform","kind":"AUTH_FAILURE","failureCount":4,"state":"OPEN"}}
{"timestamp":"2026-09-18T15:15:28.265Z","level":"error","message":"[CircuitBreaker] D1 persist failed","requestId":{"context":"seed/utils"},"metadata":{"context":"seed/utils","service":"openrouter:platform","error":"Error: D1 database binding not available — call getD1() first to resolve local shim"}}
[logger-fallback] {"timestamp":"2026-09-18T15:15:28.265Z","level":"warn","message":"[openrouter-client] OpenRouter failed, trying fallback","requestId":{"context":"seed/utils"},"metadata":{"context":"seed/utils","error":"OpenRouter HTTP 401: {\"error\":{\"message\":\"User not found.\",\"code\":401}}"}}
{"timestamp":"2026-09-18T15:15:28.265Z","level":"error","message":"[CircuitBreaker] D1 persist failed","requestId":{"context":"seed/utils"},"metadata":{"context":"seed/utils","service":"openrouter:platform","error":"Error: D1 database binding not available — call getD1() first to resolve local shim"}}
[logger-fallback] {"timestamp":"2026-09-18T15:15:28.265Z","level":"warn","message":"[openrouter-client] OpenRouter failed, trying fallback","requestId":{"context":"seed/utils"},"metadata":{"context":"seed/utils","error":"OpenRouter HTTP 401: {\"error\":{\"message\":\"User not found.\",\"code\":401}}"}}
{"timestamp":"2026-09-18T15:15:28.266Z","level":"error","message":"[LLMFallback] Generation failed","requestId":{"context":"seed/utils"},"metadata":{"context":"seed/utils","nicheSlug":"photography","error":"OpenRouter HTTP 401: {\"error\":{\"message\":\"User not found.\",\"code\":401}}"}}
{"timestamp":"2026-09-18T15:15:28.266Z","level":"error","message":"[LLMFallback] Generation failed","requestId":{"context":"seed/utils"},"metadata":{"context":"seed/utils","nicheSlug":"coffee-shop","error":"OpenRouter HTTP 401: {\"error\":{\"message\":\"User not found.\",\"code\":401}}"}}
{"timestamp":"2026-09-18T15:15:28.266Z","level":"error","message":"[LandingSSG] Failed to load content","requestId":{"context":"seed/utils"},"metadata":{"context":"seed/utils","niche":"coffee-shop","locale":"en","error":"Failed to generate landing page for \"coffee-shop\": OpenRouter HTTP 401: {\"error\":{\"message\":\"User not found.\",\"code\":401}}"}}
{"timestamp":"2026-09-18T15:15:28.266Z","level":"error","message":"[LandingSSG] Failed to load content","requestId":{"context":"seed/utils"},"metadata":{"context":"seed/utils","niche":"photography","locale":"en","error":"Failed to generate landing page for \"photography\": OpenRouter HTTP 401: {\"error\":{\"message\":\"User not found.\",\"code\":401}}"}}
[logger-fallback] {"timestamp":"2026-09-18T15:15:28.268Z","level":"warn","message":"[CircuitBreaker] openrouter:platform failure recorded","requestId":{"context":"seed/utils"},"metadata":{"context":"seed/utils","service":"openrouter:platform","kind":"AUTH_FAILURE","failureCount":5,"state":"OPEN"}}
{"timestamp":"2026-09-18T15:15:28.268Z","level":"error","message":"[CircuitBreaker] D1 persist failed","requestId":{"context":"seed/utils"},"metadata":{"context":"seed/utils","service":"openrouter:platform","error":"Error: D1 database binding not available — call getD1() first to resolve local shim"}}
[logger-fallback] {"timestamp":"2026-09-18T15:15:28.268Z","level":"warn","message":"[openrouter-client] OpenRouter failed, trying fallback","requestId":{"context":"seed/utils"},"metadata":{"context":"seed/utils","error":"OpenRouter HTTP 401: {\"error\":{\"message\":\"User not found.\",\"code\":401}}"}}
{"timestamp":"2026-09-18T15:15:28.268Z","level":"error","message":"[LLMFallback] Generation failed","requestId":{"context":"seed/utils"},"metadata":{"context":"seed/utils","nicheSlug":"consulting","error":"OpenRouter HTTP 401: {\"error\":{\"message\":\"User not found.\",\"code\":401}}"}}
{"timestamp":"2026-09-18T15:15:28.268Z","level":"error","message":"[LandingSSG] Failed to load content","requestId":{"context":"seed/utils"},"metadata":{"context":"seed/utils","niche":"consulting","locale":"en","error":"Failed to generate landing page for \"consulting\": OpenRouter HTTP 401: {\"error\":{\"message\":\"User not found.\",\"code\":401}}"}}
[logger-fallback] {"timestamp":"2026-09-18T15:15:28.287Z","level":"warn","message":"[CircuitBreaker] openrouter:platform failure recorded","requestId":{"context":"seed/utils"},"metadata":{"context":"seed/utils","service":"openrouter:platform","kind":"AUTH_FAILURE","failureCount":5,"state":"OPEN"}}
[logger-fallback] {"timestamp":"2026-09-18T15:15:28.287Z","level":"warn","message":"[CircuitBreaker] openrouter:platform failure recorded","requestId":{"context":"seed/utils"},"metadata":{"context":"seed/utils","service":"openrouter:platform","kind":"AUTH_FAILURE","failureCount":5,"state":"OPEN"}}
{"timestamp":"2026-09-18T15:15:28.287Z","level":"error","message":"[CircuitBreaker] D1 persist failed","requestId":{"context":"seed/utils"},"metadata":{"context":"seed/utils","service":"openrouter:platform","error":"Error: D1 database binding not available — call getD1() first to resolve local shim"}}
[logger-fallback] {"timestamp":"2026-09-18T15:15:28.287Z","level":"warn","message":"[openrouter-client] OpenRouter failed, trying fallback","requestId":{"context":"seed/utils"},"metadata":{"context":"seed/utils","error":"OpenRouter HTTP 401: {\"error\":{\"message\":\"User not found.\",\"code\":401}}"}}
{"timestamp":"2026-09-18T15:15:28.288Z","level":"error","message":"[CircuitBreaker] D1 persist failed","requestId":{"context":"seed/utils"},"metadata":{"context":"seed/utils","service":"openrouter:platform","error":"Error: D1 database binding not available — call getD1() first to resolve local shim"}}
{"timestamp":"2026-09-18T15:15:28.288Z","level":"error","message":"[LLMFallback] Generation failed","requestId":{"context":"seed/utils"},"metadata":{"context":"seed/utils","nicheSlug":"medical","error":"OpenRouter HTTP 401: {\"error\":{\"message\":\"User not found.\",\"code\":401}}"}}
[logger-fallback] {"timestamp":"2026-09-18T15:15:28.288Z","level":"warn","message":"[openrouter-client] OpenRouter failed, trying fallback","requestId":{"context":"seed/utils"},"metadata":{"context":"seed/utils","error":"OpenRouter HTTP 401: {\"error\":{\"message\":\"User not found.\",\"code\":401}}"}}
{"timestamp":"2026-09-18T15:15:28.288Z","level":"error","message":"[LandingSSG] Failed to load content","requestId":{"context":"seed/utils"},"metadata":{"context":"seed/utils","niche":"medical","locale":"vi","error":"Failed to generate landing page for \"medical\": OpenRouter HTTP 401: {\"error\":{\"message\":\"User not found.\",\"code\":401}}"}}
{"timestamp":"2026-09-18T15:15:28.288Z","level":"error","message":"[LLMFallback] Generation failed","requestId":{"context":"seed/utils"},"metadata":{"context":"seed/utils","nicheSlug":"music","error":"OpenRouter HTTP 401: {\"error\":{\"message\":\"User not found.\",\"code\":401}}"}}
{"timestamp":"2026-09-18T15:15:28.288Z","level":"error","message":"[LandingSSG] Failed to load content","requestId":{"context":"seed/utils"},"metadata":{"context":"seed/utils","niche":"music","locale":"vi","error":"Failed to generate landing page for \"music\": OpenRouter HTTP 401: {\"error\":{\"message\":\"User not found.\",\"code\":401}}"}}
[logger-fallback] {"timestamp":"2026-09-18T15:15:28.301Z","level":"warn","message":"[CircuitBreaker] openrouter:platform failure recorded","requestId":{"context":"seed/utils"},"metadata":{"context":"seed/utils","service":"openrouter:platform","kind":"AUTH_FAILURE","failureCount":6,"state":"OPEN"}}
{"timestamp":"2026-09-18T15:15:28.302Z","level":"error","message":"[CircuitBreaker] D1 persist failed","requestId":{"context":"seed/utils"},"metadata":{"context":"seed/utils","service":"openrouter:platform","error":"Error: D1 database binding not available — call getD1() first to resolve local shim"}}
[logger-fallback] {"timestamp":"2026-09-18T15:15:28.302Z","level":"warn","message":"[openrouter-client] OpenRouter failed, trying fallback","requestId":{"context":"seed/utils"},"metadata":{"context":"seed/utils","error":"OpenRouter HTTP 401: {\"error\":{\"message\":\"User not found.\",\"code\":401}}"}}
{"timestamp":"2026-09-18T15:15:28.302Z","level":"error","message":"[LLMFallback] Generation failed","requestId":{"context":"seed/utils"},"metadata":{"context":"seed/utils","nicheSlug":"spa","error":"OpenRouter HTTP 401: {\"error\":{\"message\":\"User not found.\",\"code\":401}}"}}
{"timestamp":"2026-09-18T15:15:28.302Z","level":"error","message":"[LandingSSG] Failed to load content","requestId":{"context":"seed/utils"},"metadata":{"context":"seed/utils","niche":"spa","locale":"en","error":"Failed to generate landing page for \"spa\": OpenRouter HTTP 401: {\"error\":{\"message\":\"User not found.\",\"code\":401}}"}}
[logger-fallback] {"timestamp":"2026-09-18T15:15:28.312Z","level":"warn","message":"[CircuitBreaker] openrouter:platform failure recorded","requestId":{"context":"seed/utils"},"metadata":{"context":"seed/utils","service":"openrouter:platform","kind":"AUTH_FAILURE","failureCount":3,"state":"OPEN"}}
{"timestamp":"2026-09-18T15:15:28.312Z","level":"error","message":"[CircuitBreaker] D1 persist failed","requestId":{"context":"seed/utils"},"metadata":{"context":"seed/utils","service":"openrouter:platform","error":"Error: D1 database binding not available — call getD1() first to resolve local shim"}}
[logger-fallback] {"timestamp":"2026-09-18T15:15:28.312Z","level":"warn","message":"[CircuitBreaker] openrouter:platform failure recorded","requestId":{"context":"seed/utils"},"metadata":{"context":"seed/utils","service":"openrouter:platform","kind":"AUTH_FAILURE","failureCount":6,"state":"OPEN"}}
[logger-fallback] {"timestamp":"2026-09-18T15:15:28.312Z","level":"warn","message":"[openrouter-client] OpenRouter failed, trying fallback","requestId":{"context":"seed/utils"},"metadata":{"context":"seed/utils","error":"OpenRouter HTTP 401: {\"error\":{\"message\":\"User not found.\",\"code\":401}}"}}
{"timestamp":"2026-09-18T15:15:28.312Z","level":"error","message":"[LLMFallback] Generation failed","requestId":{"context":"seed/utils"},"metadata":{"context":"seed/utils","nicheSlug":"real-estate","error":"OpenRouter HTTP 401: {\"error\":{\"message\":\"User not found.\",\"code\":401}}"}}
{"timestamp":"2026-09-18T15:15:28.313Z","level":"error","message":"[LandingSSG] Failed to load content","requestId":{"context":"seed/utils"},"metadata":{"context":"seed/utils","niche":"real-estate","locale":"vi","error":"Failed to generate landing page for \"real-estate\": OpenRouter HTTP 401: {\"error\":{\"message\":\"User not found.\",\"code\":401}}"}}
{"timestamp":"2026-09-18T15:15:28.313Z","level":"error","message":"[CircuitBreaker] D1 persist failed","requestId":{"context":"seed/utils"},"metadata":{"context":"seed/utils","service":"openrouter:platform","error":"Error: D1 database binding not available — call getD1() first to resolve local shim"}}
[logger-fallback] {"timestamp":"2026-09-18T15:15:28.313Z","level":"warn","message":"[openrouter-client] OpenRouter failed, trying fallback","requestId":{"context":"seed/utils"},"metadata":{"context":"seed/utils","error":"OpenRouter HTTP 401: {\"error\":{\"message\":\"User not found.\",\"code\":401}}"}}
{"timestamp":"2026-09-18T15:15:28.313Z","level":"error","message":"[LLMFallback] Generation failed","requestId":{"context":"seed/utils"},"metadata":{"context":"seed/utils","nicheSlug":"consulting","error":"OpenRouter HTTP 401: {\"error\":{\"message\":\"User not found.\",\"code\":401}}"}}
[logger-fallback] {"timestamp":"2026-09-18T15:15:28.313Z","level":"warn","message":"[CircuitBreaker] openrouter:platform failure recorded","requestId":{"context":"seed/utils"},"metadata":{"context":"seed/utils","service":"openrouter:platform","kind":"AUTH_FAILURE","failureCount":4,"state":"OPEN"}}
{"timestamp":"2026-09-18T15:15:28.313Z","level":"error","message":"[LandingSSG] Failed to load content","requestId":{"context":"seed/utils"},"metadata":{"context":"seed/utils","niche":"consulting","locale":"vi","error":"Failed to generate landing page for \"consulting\": OpenRouter HTTP 401: {\"error\":{\"message\":\"User not found.\",\"code\":401}}"}}
{"timestamp":"2026-09-18T15:15:28.313Z","level":"error","message":"[CircuitBreaker] D1 persist failed","requestId":{"context":"seed/utils"},"metadata":{"context":"seed/utils","service":"openrouter:platform","error":"Error: D1 database binding not available — call getD1() first to resolve local shim"}}
[logger-fallback] {"timestamp":"2026-09-18T15:15:28.313Z","level":"warn","message":"[openrouter-client] OpenRouter failed, trying fallback","requestId":{"context":"seed/utils"},"metadata":{"context":"seed/utils","error":"OpenRouter HTTP 401: {\"error\":{\"message\":\"User not found.\",\"code\":401}}"}}
{"timestamp":"2026-09-18T15:15:28.314Z","level":"error","message":"[LLMFallback] Generation failed","requestId":{"context":"seed/utils"},"metadata":{"context":"seed/utils","nicheSlug":"e-commerce","error":"OpenRouter HTTP 401: {\"error\":{\"message\":\"User not found.\",\"code\":401}}"}}
{"timestamp":"2026-09-18T15:15:28.314Z","level":"error","message":"[LandingSSG] Failed to load content","requestId":{"context":"seed/utils"},"metadata":{"context":"seed/utils","niche":"e-commerce","locale":"vi","error":"Failed to generate landing page for \"e-commerce\": OpenRouter HTTP 401: {\"error\":{\"message\":\"User not found.\",\"code\":401}}"}}
{"timestamp":"2026-09-18T15:15:28.323Z","level":"error","message":"[LandingPagesRepo] getBySlug failed","requestId":{"context":"seed/utils"},"metadata":{"context":"seed/utils","slug":"crypto","error":"D1 binding not available"}}
{"timestamp":"2026-09-18T15:15:28.325Z","level":"error","message":"[LandingPagesRepo] getBySlug failed","requestId":{"context":"seed/utils"},"metadata":{"context":"seed/utils","slug":"crypto","error":"D1 binding not available"}}
[logger-fallback] {"timestamp":"2026-09-18T15:15:28.325Z","level":"warn","message":"[openrouter-client] OpenRouter failed, trying fallback","requestId":{"context":"seed/utils"},"metadata":{"context":"seed/utils","error":"[OpenRouter] Circuit breaker open for openrouter"}}
{"timestamp":"2026-09-18T15:15:28.326Z","level":"error","message":"[LLMFallback] Generation failed","requestId":{"context":"seed/utils"},"metadata":{"context":"seed/utils","nicheSlug":"crypto","error":"[OpenRouter] Circuit breaker open for openrouter"}}
{"timestamp":"2026-09-18T15:15:28.326Z","level":"error","message":"[LandingSSG] Failed to load content","requestId":{"context":"seed/utils"},"metadata":{"context":"seed/utils","niche":"crypto","locale":"vi","error":"Failed to generate landing page for \"crypto\": [OpenRouter] Circuit breaker open for openrouter"}}
{"timestamp":"2026-09-18T15:15:28.327Z","level":"error","message":"[LandingPagesRepo] getBySlug failed","requestId":{"context":"seed/utils"},"metadata":{"context":"seed/utils","slug":"crypto","error":"D1 binding not available"}}
{"timestamp":"2026-09-18T15:15:28.336Z","level":"error","message":"[LandingPagesRepo] getBySlug failed","requestId":{"context":"seed/utils"},"metadata":{"context":"seed/utils","slug":"health","error":"D1 binding not available"}}
{"timestamp":"2026-09-18T15:15:28.337Z","level":"error","message":"[LandingPagesRepo] getBySlug failed","requestId":{"context":"seed/utils"},"metadata":{"context":"seed/utils","slug":"health","error":"D1 binding not available"}}
[logger-fallback] {"timestamp":"2026-09-18T15:15:28.338Z","level":"warn","message":"[openrouter-client] OpenRouter failed, trying fallback","requestId":{"context":"seed/utils"},"metadata":{"context":"seed/utils","error":"[OpenRouter] Circuit breaker open for openrouter"}}
{"timestamp":"2026-09-18T15:15:28.338Z","level":"error","message":"[LLMFallback] Generation failed","requestId":{"context":"seed/utils"},"metadata":{"context":"seed/utils","nicheSlug":"health","error":"[OpenRouter] Circuit breaker open for openrouter"}}
{"timestamp":"2026-09-18T15:15:28.339Z","level":"error","message":"[LandingSSG] Failed to load content","requestId":{"context":"seed/utils"},"metadata":{"context":"seed/utils","niche":"health","locale":"en","error":"Failed to generate landing page for \"health\": [OpenRouter] Circuit breaker open for openrouter"}}
{"timestamp":"2026-09-18T15:15:28.339Z","level":"error","message":"[LandingPagesRepo] getBySlug failed","requestId":{"context":"seed/utils"},"metadata":{"context":"seed/utils","slug":"health","error":"D1 binding not available"}}
{"timestamp":"2026-09-18T15:15:28.343Z","level":"error","message":"[LandingPagesRepo] getBySlug failed","requestId":{"context":"seed/utils"},"metadata":{"context":"seed/utils","slug":"health","error":"D1 binding not available"}}
{"timestamp":"2026-09-18T15:15:28.344Z","level":"error","message":"[LandingPagesRepo] getBySlug failed","requestId":{"context":"seed/utils"},"metadata":{"context":"seed/utils","slug":"health","error":"D1 binding not available"}}
[logger-fallback] {"timestamp":"2026-09-18T15:15:28.345Z","level":"warn","message":"[openrouter-client] OpenRouter failed, trying fallback","requestId":{"context":"seed/utils"},"metadata":{"context":"seed/utils","error":"[OpenRouter] Circuit breaker open for openrouter"}}
{"timestamp":"2026-09-18T15:15:28.345Z","level":"error","message":"[LLMFallback] Generation failed","requestId":{"context":"seed/utils"},"metadata":{"context":"seed/utils","nicheSlug":"health","error":"[OpenRouter] Circuit breaker open for openrouter"}}
{"timestamp":"2026-09-18T15:15:28.345Z","level":"error","message":"[LandingSSG] Failed to load content","requestId":{"context":"seed/utils"},"metadata":{"context":"seed/utils","niche":"health","locale":"vi","error":"Failed to generate landing page for \"health\": [OpenRouter] Circuit breaker open for openrouter"}}
{"timestamp":"2026-09-18T15:15:28.346Z","level":"error","message":"[LandingPagesRepo] getBySlug failed","requestId":{"context":"seed/utils"},"metadata":{"context":"seed/utils","slug":"health","error":"D1 binding not available"}}
{"timestamp":"2026-09-18T15:15:28.353Z","level":"error","message":"[LandingPagesRepo] getBySlug failed","requestId":{"context":"seed/utils"},"metadata":{"context":"seed/utils","slug":"education","error":"D1 binding not available"}}
{"timestamp":"2026-09-18T15:15:28.354Z","level":"error","message":"[LandingPagesRepo] getBySlug failed","requestId":{"context":"seed/utils"},"metadata":{"context":"seed/utils","slug":"education","error":"D1 binding not available"}}
[logger-fallback] {"timestamp":"2026-09-18T15:15:28.355Z","level":"warn","message":"[openrouter-client] OpenRouter failed, trying fallback","requestId":{"context":"seed/utils"},"metadata":{"context":"seed/utils","error":"[OpenRouter] Circuit breaker open for openrouter"}}
{"timestamp":"2026-09-18T15:15:28.356Z","level":"error","message":"[LLMFallback] Generation failed","requestId":{"context":"seed/utils"},"metadata":{"context":"seed/utils","nicheSlug":"education","error":"[OpenRouter] Circuit breaker open for openrouter"}}
{"timestamp":"2026-09-18T15:15:28.356Z","level":"error","message":"[LandingSSG] Failed to load content","requestId":{"context":"seed/utils"},"metadata":{"context":"seed/utils","niche":"education","locale":"en","error":"Failed to generate landing page for \"education\": [OpenRouter] Circuit breaker open for openrouter"}}
{"timestamp":"2026-09-18T15:15:28.357Z","level":"error","message":"[LandingPagesRepo] getBySlug failed","requestId":{"context":"seed/utils"},"metadata":{"context":"seed/utils","slug":"education","error":"D1 binding not available"}}
{"timestamp":"2026-09-18T15:15:28.360Z","level":"error","message":"[LandingPagesRepo] getBySlug failed","requestId":{"context":"seed/utils"},"metadata":{"context":"seed/utils","slug":"education","error":"D1 binding not available"}}
{"timestamp":"2026-09-18T15:15:28.361Z","level":"error","message":"[LandingPagesRepo] getBySlug failed","requestId":{"context":"seed/utils"},"metadata":{"context":"seed/utils","slug":"education","error":"D1 binding not available"}}
[logger-fallback] {"timestamp":"2026-09-18T15:15:28.362Z","level":"warn","message":"[openrouter-client] OpenRouter failed, trying fallback","requestId":{"context":"seed/utils"},"metadata":{"context":"seed/utils","error":"[OpenRouter] Circuit breaker open for openrouter"}}
{"timestamp":"2026-09-18T15:15:28.363Z","level":"error","message":"[LLMFallback] Generation failed","requestId":{"context":"seed/utils"},"metadata":{"context":"seed/utils","nicheSlug":"education","error":"[OpenRouter] Circuit breaker open for openrouter"}}
{"timestamp":"2026-09-18T15:15:28.363Z","level":"error","message":"[LandingSSG] Failed to load content","requestId":{"context":"seed/utils"},"metadata":{"context":"seed/utils","niche":"education","locale":"vi","error":"Failed to generate landing page for \"education\": [OpenRouter] Circuit breaker open for openrouter"}}
{"timestamp":"2026-09-18T15:15:28.364Z","level":"error","message":"[LandingPagesRepo] getBySlug failed","requestId":{"context":"seed/utils"},"metadata":{"context":"seed/utils","slug":"education","error":"D1 binding not available"}}
{"timestamp":"2026-09-18T15:15:28.371Z","level":"error","message":"[LandingPagesRepo] getBySlug failed","requestId":{"context":"seed/utils"},"metadata":{"context":"seed/utils","slug":"restaurant","error":"D1 binding not available"}}
{"timestamp":"2026-09-18T15:15:28.373Z","level":"error","message":"[LandingPagesRepo] getBySlug failed","requestId":{"context":"seed/utils"},"metadata":{"context":"seed/utils","slug":"restaurant","error":"D1 binding not available"}}
[logger-fallback] {"timestamp":"2026-09-18T15:15:28.374Z","level":"warn","message":"[openrouter-client] OpenRouter failed, trying fallback","requestId":{"context":"seed/utils"},"metadata":{"context":"seed/utils","error":"[OpenRouter] Circuit breaker open for openrouter"}}
{"timestamp":"2026-09-18T15:15:28.374Z","level":"error","message":"[LLMFallback] Generation failed","requestId":{"context":"seed/utils"},"metadata":{"context":"seed/utils","nicheSlug":"restaurant","error":"[OpenRouter] Circuit breaker open for openrouter"}}
{"timestamp":"2026-09-18T15:15:28.374Z","level":"error","message":"[LandingSSG] Failed to load content","requestId":{"context":"seed/utils"},"metadata":{"context":"seed/utils","niche":"restaurant","locale":"en","error":"Failed to generate landing page for \"restaurant\": [OpenRouter] Circuit breaker open for openrouter"}}
{"timestamp":"2026-09-18T15:15:28.375Z","level":"error","message":"[LandingPagesRepo] getBySlug failed","requestId":{"context":"seed/utils"},"metadata":{"context":"seed/utils","slug":"restaurant","error":"D1 binding not available"}}
{"timestamp":"2026-09-18T15:15:28.378Z","level":"error","message":"[LandingPagesRepo] getBySlug failed","requestId":{"context":"seed/utils"},"metadata":{"context":"seed/utils","slug":"restaurant","error":"D1 binding not available"}}
{"timestamp":"2026-09-18T15:15:28.379Z","level":"error","message":"[LandingPagesRepo] getBySlug failed","requestId":{"context":"seed/utils"},"metadata":{"context":"seed/utils","slug":"restaurant","error":"D1 binding not available"}}
[logger-fallback] {"timestamp":"2026-09-18T15:15:28.379Z","level":"warn","message":"[openrouter-client] OpenRouter failed, trying fallback","requestId":{"context":"seed/utils"},"metadata":{"context":"seed/utils","error":"[OpenRouter] Circuit breaker open for openrouter"}}
{"timestamp":"2026-09-18T15:15:28.380Z","level":"error","message":"[LLMFallback] Generation failed","requestId":{"context":"seed/utils"},"metadata":{"context":"seed/utils","nicheSlug":"restaurant","error":"[OpenRouter] Circuit breaker open for openrouter"}}
{"timestamp":"2026-09-18T15:15:28.380Z","level":"error","message":"[LandingSSG] Failed to load content","requestId":{"context":"seed/utils"},"metadata":{"context":"seed/utils","niche":"restaurant","locale":"vi","error":"Failed to generate landing page for \"restaurant\": [OpenRouter] Circuit breaker open for openrouter"}}
{"timestamp":"2026-09-18T15:15:28.381Z","level":"error","message":"[LandingPagesRepo] getBySlug failed","requestId":{"context":"seed/utils"},"metadata":{"context":"seed/utils","slug":"restaurant","error":"D1 binding not available"}}
{"timestamp":"2026-09-18T15:15:28.387Z","level":"error","message":"[LandingPagesRepo] getBySlug failed","requestId":{"context":"seed/utils"},"metadata":{"context":"seed/utils","slug":"crypto","error":"D1 binding not available"}}
{"timestamp":"2026-09-18T15:15:28.388Z","level":"error","message":"[LandingPagesRepo] getBySlug failed","requestId":{"context":"seed/utils"},"metadata":{"context":"seed/utils","slug":"crypto","error":"D1 binding not available"}}
[logger-fallback] {"timestamp":"2026-09-18T15:15:28.389Z","level":"warn","message":"[openrouter-client] OpenRouter failed, trying fallback","requestId":{"context":"seed/utils"},"metadata":{"context":"seed/utils","error":"[OpenRouter] Circuit breaker open for openrouter"}}
{"timestamp":"2026-09-18T15:15:28.390Z","level":"error","message":"[LLMFallback] Generation failed","requestId":{"context":"seed/utils"},"metadata":{"context":"seed/utils","nicheSlug":"crypto","error":"[OpenRouter] Circuit breaker open for openrouter"}}
{"timestamp":"2026-09-18T15:15:28.390Z","level":"error","message":"[LandingSSG] Failed to load content","requestId":{"context":"seed/utils"},"metadata":{"context":"seed/utils","niche":"crypto","locale":"en","error":"Failed to generate landing page for \"crypto\": [OpenRouter] Circuit breaker open for openrouter"}}
{"timestamp":"2026-09-18T15:15:28.391Z","level":"error","message":"[LandingPagesRepo] getBySlug failed","requestId":{"context":"seed/utils"},"metadata":{"context":"seed/utils","slug":"crypto","error":"D1 binding not available"}}
{"timestamp":"2026-09-18T15:15:28.402Z","level":"error","message":"[LandingPagesRepo] getBySlug failed","requestId":{"context":"seed/utils"},"metadata":{"context":"seed/utils","slug":"fitness","error":"D1 binding not available"}}
{"timestamp":"2026-09-18T15:15:28.403Z","level":"error","message":"[LandingPagesRepo] getBySlug failed","requestId":{"context":"seed/utils"},"metadata":{"context":"seed/utils","slug":"fitness","error":"D1 binding not available"}}
[logger-fallback] {"timestamp":"2026-09-18T15:15:28.404Z","level":"warn","message":"[openrouter-client] OpenRouter failed, trying fallback","requestId":{"context":"seed/utils"},"metadata":{"context":"seed/utils","error":"[OpenRouter] Circuit breaker open for openrouter"}}
{"timestamp":"2026-09-18T15:15:28.404Z","level":"error","message":"[LLMFallback] Generation failed","requestId":{"context":"seed/utils"},"metadata":{"context":"seed/utils","nicheSlug":"fitness","error":"[OpenRouter] Circuit breaker open for openrouter"}}
{"timestamp":"2026-09-18T15:15:28.405Z","level":"error","message":"[LandingSSG] Failed to load content","requestId":{"context":"seed/utils"},"metadata":{"context":"seed/utils","niche":"fitness","locale":"en","error":"Failed to generate landing page for \"fitness\": [OpenRouter] Circuit breaker open for openrouter"}}
{"timestamp":"2026-09-18T15:15:28.406Z","level":"error","message":"[LandingPagesRepo] getBySlug failed","requestId":{"context":"seed/utils"},"metadata":{"context":"seed/utils","slug":"fitness","error":"D1 binding not available"}}
{"timestamp":"2026-09-18T15:15:28.409Z","level":"error","message":"[LandingPagesRepo] getBySlug failed","requestId":{"context":"seed/utils"},"metadata":{"context":"seed/utils","slug":"fitness","error":"D1 binding not available"}}
{"timestamp":"2026-09-18T15:15:28.409Z","level":"error","message":"[LandingPagesRepo] getBySlug failed","requestId":{"context":"seed/utils"},"metadata":{"context":"seed/utils","slug":"fitness","error":"D1 binding not available"}}
[logger-fallback] {"timestamp":"2026-09-18T15:15:28.410Z","level":"warn","message":"[openrouter-client] OpenRouter failed, trying fallback","requestId":{"context":"seed/utils"},"metadata":{"context":"seed/utils","error":"[OpenRouter] Circuit breaker open for openrouter"}}
{"timestamp":"2026-09-18T15:15:28.410Z","level":"error","message":"[LLMFallback] Generation failed","requestId":{"context":"seed/utils"},"metadata":{"context":"seed/utils","nicheSlug":"fitness","error":"[OpenRouter] Circuit breaker open for openrouter"}}
{"timestamp":"2026-09-18T15:15:28.411Z","level":"error","message":"[LandingSSG] Failed to load content","requestId":{"context":"seed/utils"},"metadata":{"context":"seed/utils","niche":"fitness","locale":"vi","error":"Failed to generate landing page for \"fitness\": [OpenRouter] Circuit breaker open for openrouter"}}
{"timestamp":"2026-09-18T15:15:28.411Z","level":"error","message":"[LandingPagesRepo] getBySlug failed","requestId":{"context":"seed/utils"},"metadata":{"context":"seed/utils","slug":"fitness","error":"D1 binding not available"}}
{"timestamp":"2026-09-18T15:15:28.414Z","level":"error","message":"[LandingPagesRepo] getBySlug failed","requestId":{"context":"seed/utils"},"metadata":{"context":"seed/utils","slug":"lawyer","error":"D1 binding not available"}}
{"timestamp":"2026-09-18T15:15:28.415Z","level":"error","message":"[LandingPagesRepo] getBySlug failed","requestId":{"context":"seed/utils"},"metadata":{"context":"seed/utils","slug":"lawyer","error":"D1 binding not available"}}
[logger-fallback] {"timestamp":"2026-09-18T15:15:28.415Z","level":"warn","message":"[openrouter-client] OpenRouter failed, trying fallback","requestId":{"context":"seed/utils"},"metadata":{"context":"seed/utils","error":"[OpenRouter] Circuit breaker open for openrouter"}}
{"timestamp":"2026-09-18T15:15:28.416Z","level":"error","message":"[LLMFallback] Generation failed","requestId":{"context":"seed/utils"},"metadata":{"context":"seed/utils","nicheSlug":"lawyer","error":"[OpenRouter] Circuit breaker open for openrouter"}}
{"timestamp":"2026-09-18T15:15:28.416Z","level":"error","message":"[LandingSSG] Failed to load content","requestId":{"context":"seed/utils"},"metadata":{"context":"seed/utils","niche":"lawyer","locale":"vi","error":"Failed to generate landing page for \"lawyer\": [OpenRouter] Circuit breaker open for openrouter"}}
{"timestamp":"2026-09-18T15:15:28.417Z","level":"error","message":"[LandingPagesRepo] getBySlug failed","requestId":{"context":"seed/utils"},"metadata":{"context":"seed/utils","slug":"lawyer","error":"D1 binding not available"}}
{"timestamp":"2026-09-18T15:15:28.425Z","level":"error","message":"[LandingPagesRepo] getBySlug failed","requestId":{"context":"seed/utils"},"metadata":{"context":"seed/utils","slug":"insurance","error":"D1 binding not available"}}
{"timestamp":"2026-09-18T15:15:28.426Z","level":"error","message":"[LandingPagesRepo] getBySlug failed","requestId":{"context":"seed/utils"},"metadata":{"context":"seed/utils","slug":"insurance","error":"D1 binding not available"}}
[logger-fallback] {"timestamp":"2026-09-18T15:15:28.427Z","level":"warn","message":"[openrouter-client] OpenRouter failed, trying fallback","requestId":{"context":"seed/utils"},"metadata":{"context":"seed/utils","error":"[OpenRouter] Circuit breaker open for openrouter"}}
{"timestamp":"2026-09-18T15:15:28.427Z","level":"error","message":"[LLMFallback] Generation failed","requestId":{"context":"seed/utils"},"metadata":{"context":"seed/utils","nicheSlug":"insurance","error":"[OpenRouter] Circuit breaker open for openrouter"}}
{"timestamp":"2026-09-18T15:15:28.427Z","level":"error","message":"[LandingSSG] Failed to load content","requestId":{"context":"seed/utils"},"metadata":{"context":"seed/utils","niche":"insurance","locale":"en","error":"Failed to generate landing page for \"insurance\": [OpenRouter] Circuit breaker open for openrouter"}}
{"timestamp":"2026-09-18T15:15:28.429Z","level":"error","message":"[LandingPagesRepo] getBySlug failed","requestId":{"context":"seed/utils"},"metadata":{"context":"seed/utils","slug":"insurance","error":"D1 binding not available"}}
{"timestamp":"2026-09-18T15:15:28.431Z","level":"error","message":"[LandingPagesRepo] getBySlug failed","requestId":{"context":"seed/utils"},"metadata":{"context":"seed/utils","slug":"insurance","error":"D1 binding not available"}}
{"timestamp":"2026-09-18T15:15:28.432Z","level":"error","message":"[LandingPagesRepo] getBySlug failed","requestId":{"context":"seed/utils"},"metadata":{"context":"seed/utils","slug":"insurance","error":"D1 binding not available"}}
[logger-fallback] {"timestamp":"2026-09-18T15:15:28.433Z","level":"warn","message":"[openrouter-client] OpenRouter failed, trying fallback","requestId":{"context":"seed/utils"},"metadata":{"context":"seed/utils","error":"[OpenRouter] Circuit breaker open for openrouter"}}
{"timestamp":"2026-09-18T15:15:28.434Z","level":"error","message":"[LLMFallback] Generation failed","requestId":{"context":"seed/utils"},"metadata":{"context":"seed/utils","nicheSlug":"insurance","error":"[OpenRouter] Circuit breaker open for openrouter"}}
{"timestamp":"2026-09-18T15:15:28.434Z","level":"error","message":"[LandingSSG] Failed to load content","requestId":{"context":"seed/utils"},"metadata":{"context":"seed/utils","niche":"insurance","locale":"vi","error":"Failed to generate landing page for \"insurance\": [OpenRouter] Circuit breaker open for openrouter"}}
{"timestamp":"2026-09-18T15:15:28.435Z","level":"error","message":"[LandingPagesRepo] getBySlug failed","requestId":{"context":"seed/utils"},"metadata":{"context":"seed/utils","slug":"insurance","error":"D1 binding not available"}}
{"timestamp":"2026-09-18T15:15:28.442Z","level":"error","message":"[LandingPagesRepo] getBySlug failed","requestId":{"context":"seed/utils"},"metadata":{"context":"seed/utils","slug":"travel","error":"D1 binding not available"}}
{"timestamp":"2026-09-18T15:15:28.443Z","level":"error","message":"[LandingPagesRepo] getBySlug failed","requestId":{"context":"seed/utils"},"metadata":{"context":"seed/utils","slug":"travel","error":"D1 binding not available"}}
[logger-fallback] {"timestamp":"2026-09-18T15:15:28.444Z","level":"warn","message":"[openrouter-client] OpenRouter failed, trying fallback","requestId":{"context":"seed/utils"},"metadata":{"context":"seed/utils","error":"[OpenRouter] Circuit breaker open for openrouter"}}
{"timestamp":"2026-09-18T15:15:28.444Z","level":"error","message":"[LLMFallback] Generation failed","requestId":{"context":"seed/utils"},"metadata":{"context":"seed/utils","nicheSlug":"travel","error":"[OpenRouter] Circuit breaker open for openrouter"}}
{"timestamp":"2026-09-18T15:15:28.444Z","level":"error","message":"[LandingSSG] Failed to load content","requestId":{"context":"seed/utils"},"metadata":{"context":"seed/utils","niche":"travel","locale":"en","error":"Failed to generate landing page for \"travel\": [OpenRouter] Circuit breaker open for openrouter"}}
{"timestamp":"2026-09-18T15:15:28.445Z","level":"error","message":"[LandingPagesRepo] getBySlug failed","requestId":{"context":"seed/utils"},"metadata":{"context":"seed/utils","slug":"travel","error":"D1 binding not available"}}
{"timestamp":"2026-09-18T15:15:28.448Z","level":"error","message":"[LandingPagesRepo] getBySlug failed","requestId":{"context":"seed/utils"},"metadata":{"context":"seed/utils","slug":"travel","error":"D1 binding not available"}}
{"timestamp":"2026-09-18T15:15:28.449Z","level":"error","message":"[LandingPagesRepo] getBySlug failed","requestId":{"context":"seed/utils"},"metadata":{"context":"seed/utils","slug":"travel","error":"D1 binding not available"}}
[logger-fallback] {"timestamp":"2026-09-18T15:15:28.450Z","level":"warn","message":"[openrouter-client] OpenRouter failed, trying fallback","requestId":{"context":"seed/utils"},"metadata":{"context":"seed/utils","error":"[OpenRouter] Circuit breaker open for openrouter"}}
{"timestamp":"2026-09-18T15:15:28.450Z","level":"error","message":"[LLMFallback] Generation failed","requestId":{"context":"seed/utils"},"metadata":{"context":"seed/utils","nicheSlug":"travel","error":"[OpenRouter] Circuit breaker open for openrouter"}}
{"timestamp":"2026-09-18T15:15:28.450Z","level":"error","message":"[LandingSSG] Failed to load content","requestId":{"context":"seed/utils"},"metadata":{"context":"seed/utils","niche":"travel","locale":"vi","error":"Failed to generate landing page for \"travel\": [OpenRouter] Circuit breaker open for openrouter"}}
{"timestamp":"2026-09-18T15:15:28.451Z","level":"error","message":"[LandingPagesRepo] getBySlug failed","requestId":{"context":"seed/utils"},"metadata":{"context":"seed/utils","slug":"travel","error":"D1 binding not available"}}
{"timestamp":"2026-09-18T15:15:28.458Z","level":"error","message":"[LandingPagesRepo] getBySlug failed","requestId":{"context":"seed/utils"},"metadata":{"context":"seed/utils","slug":"lawyer","error":"D1 binding not available"}}
{"timestamp":"2026-09-18T15:15:28.459Z","level":"error","message":"[LandingPagesRepo] getBySlug failed","requestId":{"context":"seed/utils"},"metadata":{"context":"seed/utils","slug":"lawyer","error":"D1 binding not available"}}
[logger-fallback] {"timestamp":"2026-09-18T15:15:28.460Z","level":"warn","message":"[openrouter-client] OpenRouter failed, trying fallback","requestId":{"context":"seed/utils"},"metadata":{"context":"seed/utils","error":"[OpenRouter] Circuit breaker open for openrouter"}}
{"timestamp":"2026-09-18T15:15:28.460Z","level":"error","message":"[LLMFallback] Generation failed","requestId":{"context":"seed/utils"},"metadata":{"context":"seed/utils","nicheSlug":"lawyer","error":"[OpenRouter] Circuit breaker open for openrouter"}}
{"timestamp":"2026-09-18T15:15:28.460Z","level":"error","message":"[LandingSSG] Failed to load content","requestId":{"context":"seed/utils"},"metadata":{"context":"seed/utils","niche":"lawyer","locale":"en","error":"Failed to generate landing page for \"lawyer\": [OpenRouter] Circuit breaker open for openrouter"}}
{"timestamp":"2026-09-18T15:15:28.461Z","level":"error","message":"[LandingPagesRepo] getBySlug failed","requestId":{"context":"seed/utils"},"metadata":{"context":"seed/utils","slug":"lawyer","error":"D1 binding not available"}}
{"timestamp":"2026-09-18T15:15:28.475Z","level":"error","message":"[LandingPagesRepo] getBySlug failed","requestId":{"context":"seed/utils"},"metadata":{"context":"seed/utils","slug":"automotive","error":"D1 binding not available"}}
{"timestamp":"2026-09-18T15:15:28.476Z","level":"error","message":"[LandingPagesRepo] getBySlug failed","requestId":{"context":"seed/utils"},"metadata":{"context":"seed/utils","slug":"automotive","error":"D1 binding not available"}}
[logger-fallback] {"timestamp":"2026-09-18T15:15:28.477Z","level":"warn","message":"[openrouter-client] OpenRouter failed, trying fallback","requestId":{"context":"seed/utils"},"metadata":{"context":"seed/utils","error":"[OpenRouter] Circuit breaker open for openrouter"}}
{"timestamp":"2026-09-18T15:15:28.477Z","level":"error","message":"[LLMFallback] Generation failed","requestId":{"context":"seed/utils"},"metadata":{"context":"seed/utils","nicheSlug":"automotive","error":"[OpenRouter] Circuit breaker open for openrouter"}}
{"timestamp":"2026-09-18T15:15:28.477Z","level":"error","message":"[LandingSSG] Failed to load content","requestId":{"context":"seed/utils"},"metadata":{"context":"seed/utils","niche":"automotive","locale":"en","error":"Failed to generate landing page for \"automotive\": [OpenRouter] Circuit breaker open for openrouter"}}
{"timestamp":"2026-09-18T15:15:28.477Z","level":"error","message":"[LandingPagesRepo] getBySlug failed","requestId":{"context":"seed/utils"},"metadata":{"context":"seed/utils","slug":"automotive","error":"D1 binding not available"}}
{"timestamp":"2026-09-18T15:15:28.484Z","level":"error","message":"[LandingPagesRepo] getBySlug failed","requestId":{"context":"seed/utils"},"metadata":{"context":"seed/utils","slug":"fashion","error":"D1 binding not available"}}
{"timestamp":"2026-09-18T15:15:28.485Z","level":"error","message":"[LandingPagesRepo] getBySlug failed","requestId":{"context":"seed/utils"},"metadata":{"context":"seed/utils","slug":"fashion","error":"D1 binding not available"}}
[logger-fallback] {"timestamp":"2026-09-18T15:15:28.485Z","level":"warn","message":"[openrouter-client] OpenRouter failed, trying fallback","requestId":{"context":"seed/utils"},"metadata":{"context":"seed/utils","error":"[OpenRouter] Circuit breaker open for openrouter"}}
{"timestamp":"2026-09-18T15:15:28.485Z","level":"error","message":"[LLMFallback] Generation failed","requestId":{"context":"seed/utils"},"metadata":{"context":"seed/utils","nicheSlug":"fashion","error":"[OpenRouter] Circuit breaker open for openrouter"}}
{"timestamp":"2026-09-18T15:15:28.486Z","level":"error","message":"[LandingSSG] Failed to load content","requestId":{"context":"seed/utils"},"metadata":{"context":"seed/utils","niche":"fashion","locale":"en","error":"Failed to generate landing page for \"fashion\": [OpenRouter] Circuit breaker open for openrouter"}}
{"timestamp":"2026-09-18T15:15:28.486Z","level":"error","message":"[LandingPagesRepo] getBySlug failed","requestId":{"context":"seed/utils"},"metadata":{"context":"seed/utils","slug":"fashion","error":"D1 binding not available"}}
{"timestamp":"2026-09-18T15:15:28.489Z","level":"error","message":"[LandingPagesRepo] getBySlug failed","requestId":{"context":"seed/utils"},"metadata":{"context":"seed/utils","slug":"automotive","error":"D1 binding not available"}}
{"timestamp":"2026-09-18T15:15:28.490Z","level":"error","message":"[LandingPagesRepo] getBySlug failed","requestId":{"context":"seed/utils"},"metadata":{"context":"seed/utils","slug":"automotive","error":"D1 binding not available"}}
[logger-fallback] {"timestamp":"2026-09-18T15:15:28.490Z","level":"warn","message":"[openrouter-client] OpenRouter failed, trying fallback","requestId":{"context":"seed/utils"},"metadata":{"context":"seed/utils","error":"[OpenRouter] Circuit breaker open for openrouter"}}
{"timestamp":"2026-09-18T15:15:28.490Z","level":"error","message":"[LLMFallback] Generation failed","requestId":{"context":"seed/utils"},"metadata":{"context":"seed/utils","nicheSlug":"automotive","error":"[OpenRouter] Circuit breaker open for openrouter"}}
{"timestamp":"2026-09-18T15:15:28.490Z","level":"error","message":"[LandingSSG] Failed to load content","requestId":{"context":"seed/utils"},"metadata":{"context":"seed/utils","niche":"automotive","locale":"vi","error":"Failed to generate landing page for \"automotive\": [OpenRouter] Circuit breaker open for openrouter"}}
{"timestamp":"2026-09-18T15:15:28.491Z","level":"error","message":"[LandingPagesRepo] getBySlug failed","requestId":{"context":"seed/utils"},"metadata":{"context":"seed/utils","slug":"automotive","error":"D1 binding not available"}}
[logger-fallback] {"timestamp":"2026-09-18T15:15:28.493Z","level":"warn","message":"[CircuitBreaker] openrouter:platform failure recorded","requestId":{"context":"seed/utils"},"metadata":{"context":"seed/utils","service":"openrouter:platform","kind":"AUTH_FAILURE","failureCount":6,"state":"OPEN"}}
{"timestamp":"2026-09-18T15:15:28.493Z","level":"error","message":"[CircuitBreaker] D1 persist failed","requestId":{"context":"seed/utils"},"metadata":{"context":"seed/utils","service":"openrouter:platform","error":"Error: D1 database binding not available — call getD1() first to resolve local shim"}}
[logger-fallback] {"timestamp":"2026-09-18T15:15:28.493Z","level":"warn","message":"[openrouter-client] OpenRouter failed, trying fallback","requestId":{"context":"seed/utils"},"metadata":{"context":"seed/utils","error":"OpenRouter HTTP 401: {\"error\":{\"message\":\"User not found.\",\"code\":401}}"}}
{"timestamp":"2026-09-18T15:15:28.494Z","level":"error","message":"[LLMFallback] Generation failed","requestId":{"context":"seed/utils"},"metadata":{"context":"seed/utils","nicheSlug":"pets","error":"OpenRouter HTTP 401: {\"error\":{\"message\":\"User not found.\",\"code\":401}}"}}
{"timestamp":"2026-09-18T15:15:28.494Z","level":"error","message":"[LandingPagesRepo] getBySlug failed","requestId":{"context":"seed/utils"},"metadata":{"context":"seed/utils","slug":"fashion","error":"D1 binding not available"}}
{"timestamp":"2026-09-18T15:15:28.494Z","level":"error","message":"[LandingSSG] Failed to load content","requestId":{"context":"seed/utils"},"metadata":{"context":"seed/utils","niche":"pets","locale":"en","error":"Failed to generate landing page for \"pets\": OpenRouter HTTP 401: {\"error\":{\"message\":\"User not found.\",\"code\":401}}"}}
{"timestamp":"2026-09-18T15:15:28.495Z","level":"error","message":"[LandingPagesRepo] getBySlug failed","requestId":{"context":"seed/utils"},"metadata":{"context":"seed/utils","slug":"fashion","error":"D1 binding not available"}}
[logger-fallback] {"timestamp":"2026-09-18T15:15:28.495Z","level":"warn","message":"[openrouter-client] OpenRouter failed, trying fallback","requestId":{"context":"seed/utils"},"metadata":{"context":"seed/utils","error":"[OpenRouter] Circuit breaker open for openrouter"}}
{"timestamp":"2026-09-18T15:15:28.495Z","level":"error","message":"[LLMFallback] Generation failed","requestId":{"context":"seed/utils"},"metadata":{"context":"seed/utils","nicheSlug":"fashion","error":"[OpenRouter] Circuit breaker open for openrouter"}}
{"timestamp":"2026-09-18T15:15:28.495Z","level":"error","message":"[LandingSSG] Failed to load content","requestId":{"context":"seed/utils"},"metadata":{"context":"seed/utils","niche":"fashion","locale":"vi","error":"Failed to generate landing page for \"fashion\": [OpenRouter] Circuit breaker open for openrouter"}}
{"timestamp":"2026-09-18T15:15:28.496Z","level":"error","message":"[LandingPagesRepo] getBySlug failed","requestId":{"context":"seed/utils"},"metadata":{"context":"seed/utils","slug":"fashion","error":"D1 binding not available"}}
[logger-fallback] {"timestamp":"2026-09-18T15:15:28.500Z","level":"warn","message":"[CircuitBreaker] openrouter:platform failure recorded","requestId":{"context":"seed/utils"},"metadata":{"context":"seed/utils","service":"openrouter:platform","kind":"AUTH_FAILURE","failureCount":7,"state":"OPEN"}}
{"timestamp":"2026-09-18T15:15:28.500Z","level":"error","message":"[CircuitBreaker] D1 persist failed","requestId":{"context":"seed/utils"},"metadata":{"context":"seed/utils","service":"openrouter:platform","error":"Error: D1 database binding not available — call getD1() first to resolve local shim"}}
[logger-fallback] {"timestamp":"2026-09-18T15:15:28.500Z","level":"warn","message":"[openrouter-client] OpenRouter failed, trying fallback","requestId":{"context":"seed/utils"},"metadata":{"context":"seed/utils","error":"OpenRouter HTTP 401: {\"error\":{\"message\":\"User not found.\",\"code\":401}}"}}
{"timestamp":"2026-09-18T15:15:28.501Z","level":"error","message":"[LLMFallback] Generation failed","requestId":{"context":"seed/utils"},"metadata":{"context":"seed/utils","nicheSlug":"landscaping","error":"OpenRouter HTTP 401: {\"error\":{\"message\":\"User not found.\",\"code\":401}}"}}
{"timestamp":"2026-09-18T15:15:28.501Z","level":"error","message":"[LandingSSG] Failed to load content","requestId":{"context":"seed/utils"},"metadata":{"context":"seed/utils","niche":"landscaping","locale":"vi","error":"Failed to generate landing page for \"landscaping\": OpenRouter HTTP 401: {\"error\":{\"message\":\"User not found.\",\"code\":401}}"}}
{"timestamp":"2026-09-18T15:15:28.503Z","level":"error","message":"[LandingPagesRepo] getBySlug failed","requestId":{"context":"seed/utils"},"metadata":{"context":"seed/utils","slug":"gaming","error":"D1 binding not available"}}
{"timestamp":"2026-09-18T15:15:28.503Z","level":"error","message":"[LandingPagesRepo] getBySlug failed","requestId":{"context":"seed/utils"},"metadata":{"context":"seed/utils","slug":"gaming","error":"D1 binding not available"}}
[logger-fallback] {"timestamp":"2026-09-18T15:15:28.504Z","level":"warn","message":"[openrouter-client] OpenRouter failed, trying fallback","requestId":{"context":"seed/utils"},"metadata":{"context":"seed/utils","error":"[OpenRouter] Circuit breaker open for openrouter"}}
{"timestamp":"2026-09-18T15:15:28.504Z","level":"error","message":"[LLMFallback] Generation failed","requestId":{"context":"seed/utils"},"metadata":{"context":"seed/utils","nicheSlug":"gaming","error":"[OpenRouter] Circuit breaker open for openrouter"}}
{"timestamp":"2026-09-18T15:15:28.504Z","level":"error","message":"[LandingSSG] Failed to load content","requestId":{"context":"seed/utils"},"metadata":{"context":"seed/utils","niche":"gaming","locale":"en","error":"Failed to generate landing page for \"gaming\": [OpenRouter] Circuit breaker open for openrouter"}}
{"timestamp":"2026-09-18T15:15:28.505Z","level":"error","message":"[LandingPagesRepo] getBySlug failed","requestId":{"context":"seed/utils"},"metadata":{"context":"seed/utils","slug":"gaming","error":"D1 binding not available"}}
[logger-fallback] {"timestamp":"2026-09-18T15:15:28.507Z","level":"warn","message":"[CircuitBreaker] openrouter:platform failure recorded","requestId":{"context":"seed/utils"},"metadata":{"context":"seed/utils","service":"openrouter:platform","kind":"AUTH_FAILURE","failureCount":7,"state":"OPEN"}}
{"timestamp":"2026-09-18T15:15:28.507Z","level":"error","message":"[LandingPagesRepo] getBySlug failed","requestId":{"context":"seed/utils"},"metadata":{"context":"seed/utils","slug":"gaming","error":"D1 binding not available"}}
{"timestamp":"2026-09-18T15:15:28.507Z","level":"error","message":"[CircuitBreaker] D1 persist failed","requestId":{"context":"seed/utils"},"metadata":{"context":"seed/utils","service":"openrouter:platform","error":"Error: D1 database binding not available — call getD1() first to resolve local shim"}}
[logger-fallback] {"timestamp":"2026-09-18T15:15:28.507Z","level":"warn","message":"[openrouter-client] OpenRouter failed, trying fallback","requestId":{"context":"seed/utils"},"metadata":{"context":"seed/utils","error":"OpenRouter HTTP 401: {\"error\":{\"message\":\"User not found.\",\"code\":401}}"}}
{"timestamp":"2026-09-18T15:15:28.508Z","level":"error","message":"[LandingPagesRepo] getBySlug failed","requestId":{"context":"seed/utils"},"metadata":{"context":"seed/utils","slug":"gaming","error":"D1 binding not available"}}
{"timestamp":"2026-09-18T15:15:28.508Z","level":"error","message":"[LLMFallback] Generation failed","requestId":{"context":"seed/utils"},"metadata":{"context":"seed/utils","nicheSlug":"beauty","error":"OpenRouter HTTP 401: {\"error\":{\"message\":\"User not found.\",\"code\":401}}"}}
{"timestamp":"2026-09-18T15:15:28.508Z","level":"error","message":"[LandingSSG] Failed to load content","requestId":{"context":"seed/utils"},"metadata":{"context":"seed/utils","niche":"beauty","locale":"vi","error":"Failed to generate landing page for \"beauty\": OpenRouter HTTP 401: {\"error\":{\"message\":\"User not found.\",\"code\":401}}"}}
[logger-fallback] {"timestamp":"2026-09-18T15:15:28.508Z","level":"warn","message":"[openrouter-client] OpenRouter failed, trying fallback","requestId":{"context":"seed/utils"},"metadata":{"context":"seed/utils","error":"[OpenRouter] Circuit breaker open for openrouter"}}
{"timestamp":"2026-09-18T15:15:28.508Z","level":"error","message":"[LLMFallback] Generation failed","requestId":{"context":"seed/utils"},"metadata":{"context":"seed/utils","nicheSlug":"gaming","error":"[OpenRouter] Circuit breaker open for openrouter"}}
{"timestamp":"2026-09-18T15:15:28.508Z","level":"error","message":"[LandingSSG] Failed to load content","requestId":{"context":"seed/utils"},"metadata":{"context":"seed/utils","niche":"gaming","locale":"vi","error":"Failed to generate landing page for \"gaming\": [OpenRouter] Circuit breaker open for openrouter"}}
[logger-fallback] {"timestamp":"2026-09-18T15:15:28.508Z","level":"warn","message":"[CircuitBreaker] openrouter:platform failure recorded","requestId":{"context":"seed/utils"},"metadata":{"context":"seed/utils","service":"openrouter:platform","kind":"AUTH_FAILURE","failureCount":7,"state":"OPEN"}}
{"timestamp":"2026-09-18T15:15:28.509Z","level":"error","message":"[CircuitBreaker] D1 persist failed","requestId":{"context":"seed/utils"},"metadata":{"context":"seed/utils","service":"openrouter:platform","error":"Error: D1 database binding not available — call getD1() first to resolve local shim"}}
[logger-fallback] {"timestamp":"2026-09-18T15:15:28.509Z","level":"warn","message":"[openrouter-client] OpenRouter failed, trying fallback","requestId":{"context":"seed/utils"},"metadata":{"context":"seed/utils","error":"OpenRouter HTTP 401: {\"error\":{\"message\":\"User not found.\",\"code\":401}}"}}
{"timestamp":"2026-09-18T15:15:28.509Z","level":"error","message":"[LandingPagesRepo] getBySlug failed","requestId":{"context":"seed/utils"},"metadata":{"context":"seed/utils","slug":"gaming","error":"D1 binding not available"}}
{"timestamp":"2026-09-18T15:15:28.509Z","level":"error","message":"[LLMFallback] Generation failed","requestId":{"context":"seed/utils"},"metadata":{"context":"seed/utils","nicheSlug":"cleaning","error":"OpenRouter HTTP 401: {\"error\":{\"message\":\"User not found.\",\"code\":401}}"}}
{"timestamp":"2026-09-18T15:15:28.509Z","level":"error","message":"[LandingSSG] Failed to load content","requestId":{"context":"seed/utils"},"metadata":{"context":"seed/utils","niche":"cleaning","locale":"en","error":"Failed to generate landing page for \"cleaning\": OpenRouter HTTP 401: {\"error\":{\"message\":\"User not found.\",\"code\":401}}"}}
{"timestamp":"2026-09-18T15:15:28.515Z","level":"error","message":"[LandingPagesRepo] getBySlug failed","requestId":{"context":"seed/utils"},"metadata":{"context":"seed/utils","slug":"music","error":"D1 binding not available"}}
{"timestamp":"2026-09-18T15:15:28.516Z","level":"error","message":"[LandingPagesRepo] getBySlug failed","requestId":{"context":"seed/utils"},"metadata":{"context":"seed/utils","slug":"music","error":"D1 binding not available"}}
[logger-fallback] {"timestamp":"2026-09-18T15:15:28.517Z","level":"warn","message":"[openrouter-client] OpenRouter failed, trying fallback","requestId":{"context":"seed/utils"},"metadata":{"context":"seed/utils","error":"[OpenRouter] Circuit breaker open for openrouter"}}
{"timestamp":"2026-09-18T15:15:28.517Z","level":"error","message":"[LLMFallback] Generation failed","requestId":{"context":"seed/utils"},"metadata":{"context":"seed/utils","nicheSlug":"music","error":"[OpenRouter] Circuit breaker open for openrouter"}}
{"timestamp":"2026-09-18T15:15:28.517Z","level":"error","message":"[LandingSSG] Failed to load content","requestId":{"context":"seed/utils"},"metadata":{"context":"seed/utils","niche":"music","locale":"en","error":"Failed to generate landing page for \"music\": [OpenRouter] Circuit breaker open for openrouter"}}
{"timestamp":"2026-09-18T15:15:28.518Z","level":"error","message":"[LandingPagesRepo] getBySlug failed","requestId":{"context":"seed/utils"},"metadata":{"context":"seed/utils","slug":"music","error":"D1 binding not available"}}
[logger-fallback] {"timestamp":"2026-09-18T15:15:29.552Z","level":"warn","message":"[CircuitBreaker] openrouter:platform failure recorded","requestId":{"context":"seed/utils"},"metadata":{"context":"seed/utils","service":"openrouter:platform","kind":"AUTH_FAILURE","failureCount":8,"state":"OPEN"}}
{"timestamp":"2026-09-18T15:15:29.553Z","level":"error","message":"[CircuitBreaker] D1 persist failed","requestId":{"context":"seed/utils"},"metadata":{"context":"seed/utils","service":"openrouter:platform","error":"Error: D1 database binding not available — call getD1() first to resolve local shim"}}
[logger-fallback] {"timestamp":"2026-09-18T15:15:29.553Z","level":"warn","message":"[openrouter-client] OpenRouter failed, trying fallback","requestId":{"context":"seed/utils"},"metadata":{"context":"seed/utils","error":"OpenRouter HTTP 401: {\"error\":{\"message\":\"User not found.\",\"code\":401}}"}}
[logger-fallback] {"timestamp":"2026-09-18T15:15:29.553Z","level":"warn","message":"[CircuitBreaker] openrouter:platform failure recorded","requestId":{"context":"seed/utils"},"metadata":{"context":"seed/utils","service":"openrouter:platform","kind":"AUTH_FAILURE","failureCount":8,"state":"OPEN"}}
{"timestamp":"2026-09-18T15:15:29.553Z","level":"error","message":"[LLMFallback] Generation failed","requestId":{"context":"seed/utils"},"metadata":{"context":"seed/utils","nicheSlug":"beauty","error":"OpenRouter HTTP 401: {\"error\":{\"message\":\"User not found.\",\"code\":401}}"}}
{"timestamp":"2026-09-18T15:15:29.553Z","level":"error","message":"[CircuitBreaker] D1 persist failed","requestId":{"context":"seed/utils"},"metadata":{"context":"seed/utils","service":"openrouter:platform","error":"Error: D1 database binding not available — call getD1() first to resolve local shim"}}
[logger-fallback] {"timestamp":"2026-09-18T15:15:29.554Z","level":"warn","message":"[openrouter-client] OpenRouter failed, trying fallback","requestId":{"context":"seed/utils"},"metadata":{"context":"seed/utils","error":"OpenRouter HTTP 401: {\"error\":{\"message\":\"User not found.\",\"code\":401}}"}}
{"timestamp":"2026-09-18T15:15:29.554Z","level":"error","message":"[LandingSSG] Failed to load content","requestId":{"context":"seed/utils"},"metadata":{"context":"seed/utils","niche":"beauty","locale":"en","error":"Failed to generate landing page for \"beauty\": OpenRouter HTTP 401: {\"error\":{\"message\":\"User not found.\",\"code\":401}}"}}
{"timestamp":"2026-09-18T15:15:29.554Z","level":"error","message":"[LLMFallback] Generation failed","requestId":{"context":"seed/utils"},"metadata":{"context":"seed/utils","nicheSlug":"pharmacy","error":"OpenRouter HTTP 401: {\"error\":{\"message\":\"User not found.\",\"code\":401}}"}}
{"timestamp":"2026-09-18T15:15:29.554Z","level":"error","message":"[LandingSSG] Failed to load content","requestId":{"context":"seed/utils"},"metadata":{"context":"seed/utils","niche":"pharmacy","locale":"en","error":"Failed to generate landing page for \"pharmacy\": OpenRouter HTTP 401: {\"error\":{\"message\":\"User not found.\",\"code\":401}}"}}
  Generating static pages using 9 workers (209/279) 
{"timestamp":"2026-09-18T15:15:29.560Z","level":"error","message":"[LandingPagesRepo] getBySlug failed","requestId":{"context":"seed/utils"},"metadata":{"context":"seed/utils","slug":"pets","error":"D1 binding not available"}}
{"timestamp":"2026-09-18T15:15:29.561Z","level":"error","message":"[LandingPagesRepo] getBySlug failed","requestId":{"context":"seed/utils"},"metadata":{"context":"seed/utils","slug":"pets","error":"D1 binding not available"}}
[logger-fallback] {"timestamp":"2026-09-18T15:15:29.561Z","level":"warn","message":"[openrouter-client] OpenRouter failed, trying fallback","requestId":{"context":"seed/utils"},"metadata":{"context":"seed/utils","error":"[OpenRouter] Circuit breaker open for openrouter"}}
{"timestamp":"2026-09-18T15:15:29.561Z","level":"error","message":"[LLMFallback] Generation failed","requestId":{"context":"seed/utils"},"metadata":{"context":"seed/utils","nicheSlug":"pets","error":"[OpenRouter] Circuit breaker open for openrouter"}}
{"timestamp":"2026-09-18T15:15:29.561Z","level":"error","message":"[LandingSSG] Failed to load content","requestId":{"context":"seed/utils"},"metadata":{"context":"seed/utils","niche":"pets","locale":"vi","error":"Failed to generate landing page for \"pets\": [OpenRouter] Circuit breaker open for openrouter"}}
{"timestamp":"2026-09-18T15:15:29.562Z","level":"error","message":"[LandingPagesRepo] getBySlug failed","requestId":{"context":"seed/utils"},"metadata":{"context":"seed/utils","slug":"pets","error":"D1 binding not available"}}
{"timestamp":"2026-09-18T15:15:29.565Z","level":"error","message":"[LandingPagesRepo] getBySlug failed","requestId":{"context":"seed/utils"},"metadata":{"context":"seed/utils","slug":"home-services","error":"D1 binding not available"}}
{"timestamp":"2026-09-18T15:15:29.567Z","level":"error","message":"[LandingPagesRepo] getBySlug failed","requestId":{"context":"seed/utils"},"metadata":{"context":"seed/utils","slug":"home-services","error":"D1 binding not available"}}
[logger-fallback] {"timestamp":"2026-09-18T15:15:29.567Z","level":"warn","message":"[openrouter-client] OpenRouter failed, trying fallback","requestId":{"context":"seed/utils"},"metadata":{"context":"seed/utils","error":"[OpenRouter] Circuit breaker open for openrouter"}}
{"timestamp":"2026-09-18T15:15:29.568Z","level":"error","message":"[LLMFallback] Generation failed","requestId":{"context":"seed/utils"},"metadata":{"context":"seed/utils","nicheSlug":"home-services","error":"[OpenRouter] Circuit breaker open for openrouter"}}
{"timestamp":"2026-09-18T15:15:29.568Z","level":"error","message":"[LandingSSG] Failed to load content","requestId":{"context":"seed/utils"},"metadata":{"context":"seed/utils","niche":"home-services","locale":"vi","error":"Failed to generate landing page for \"home-services\": [OpenRouter] Circuit breaker open for openrouter"}}
{"timestamp":"2026-09-18T15:15:29.569Z","level":"error","message":"[LandingPagesRepo] getBySlug failed","requestId":{"context":"seed/utils"},"metadata":{"context":"seed/utils","slug":"home-services","error":"D1 binding not available"}}
{"timestamp":"2026-09-18T15:15:29.571Z","level":"error","message":"[LandingPagesRepo] getBySlug failed","requestId":{"context":"seed/utils"},"metadata":{"context":"seed/utils","slug":"spa","error":"D1 binding not available"}}
{"timestamp":"2026-09-18T15:15:29.572Z","level":"error","message":"[LandingPagesRepo] getBySlug failed","requestId":{"context":"seed/utils"},"metadata":{"context":"seed/utils","slug":"spa","error":"D1 binding not available"}}
[logger-fallback] {"timestamp":"2026-09-18T15:15:29.572Z","level":"warn","message":"[openrouter-client] OpenRouter failed, trying fallback","requestId":{"context":"seed/utils"},"metadata":{"context":"seed/utils","error":"[OpenRouter] Circuit breaker open for openrouter"}}
{"timestamp":"2026-09-18T15:15:29.572Z","level":"error","message":"[LLMFallback] Generation failed","requestId":{"context":"seed/utils"},"metadata":{"context":"seed/utils","nicheSlug":"spa","error":"[OpenRouter] Circuit breaker open for openrouter"}}
{"timestamp":"2026-09-18T15:15:29.573Z","level":"error","message":"[LandingSSG] Failed to load content","requestId":{"context":"seed/utils"},"metadata":{"context":"seed/utils","niche":"spa","locale":"vi","error":"Failed to generate landing page for \"spa\": [OpenRouter] Circuit breaker open for openrouter"}}
{"timestamp":"2026-09-18T15:15:29.573Z","level":"error","message":"[LandingPagesRepo] getBySlug failed","requestId":{"context":"seed/utils"},"metadata":{"context":"seed/utils","slug":"spa","error":"D1 binding not available"}}
{"timestamp":"2026-09-18T15:15:29.576Z","level":"error","message":"[LandingPagesRepo] getBySlug failed","requestId":{"context":"seed/utils"},"metadata":{"context":"seed/utils","slug":"dental","error":"D1 binding not available"}}
{"timestamp":"2026-09-18T15:15:29.577Z","level":"error","message":"[LandingPagesRepo] getBySlug failed","requestId":{"context":"seed/utils"},"metadata":{"context":"seed/utils","slug":"tutoring","error":"D1 binding not available"}}
{"timestamp":"2026-09-18T15:15:29.578Z","level":"error","message":"[LandingPagesRepo] getBySlug failed","requestId":{"context":"seed/utils"},"metadata":{"context":"seed/utils","slug":"dental","error":"D1 binding not available"}}
{"timestamp":"2026-09-18T15:15:29.578Z","level":"error","message":"[LandingPagesRepo] getBySlug failed","requestId":{"context":"seed/utils"},"metadata":{"context":"seed/utils","slug":"tutoring","error":"D1 binding not available"}}
[logger-fallback] {"timestamp":"2026-09-18T15:15:29.578Z","level":"warn","message":"[openrouter-client] OpenRouter failed, trying fallback","requestId":{"context":"seed/utils"},"metadata":{"context":"seed/utils","error":"[OpenRouter] Circuit breaker open for openrouter"}}
[logger-fallback] {"timestamp":"2026-09-18T15:15:29.578Z","level":"warn","message":"[openrouter-client] OpenRouter failed, trying fallback","requestId":{"context":"seed/utils"},"metadata":{"context":"seed/utils","error":"[OpenRouter] Circuit breaker open for openrouter"}}
{"timestamp":"2026-09-18T15:15:29.578Z","level":"error","message":"[LLMFallback] Generation failed","requestId":{"context":"seed/utils"},"metadata":{"context":"seed/utils","nicheSlug":"dental","error":"[OpenRouter] Circuit breaker open for openrouter"}}
{"timestamp":"2026-09-18T15:15:29.579Z","level":"error","message":"[LandingSSG] Failed to load content","requestId":{"context":"seed/utils"},"metadata":{"context":"seed/utils","niche":"dental","locale":"en","error":"Failed to generate landing page for \"dental\": [OpenRouter] Circuit breaker open for openrouter"}}
{"timestamp":"2026-09-18T15:15:29.579Z","level":"error","message":"[LLMFallback] Generation failed","requestId":{"context":"seed/utils"},"metadata":{"context":"seed/utils","nicheSlug":"tutoring","error":"[OpenRouter] Circuit breaker open for openrouter"}}
{"timestamp":"2026-09-18T15:15:29.579Z","level":"error","message":"[LandingSSG] Failed to load content","requestId":{"context":"seed/utils"},"metadata":{"context":"seed/utils","niche":"tutoring","locale":"vi","error":"Failed to generate landing page for \"tutoring\": [OpenRouter] Circuit breaker open for openrouter"}}
{"timestamp":"2026-09-18T15:15:29.579Z","level":"error","message":"[LandingPagesRepo] getBySlug failed","requestId":{"context":"seed/utils"},"metadata":{"context":"seed/utils","slug":"dental","error":"D1 binding not available"}}
{"timestamp":"2026-09-18T15:15:29.580Z","level":"error","message":"[LandingPagesRepo] getBySlug failed","requestId":{"context":"seed/utils"},"metadata":{"context":"seed/utils","slug":"tutoring","error":"D1 binding not available"}}
{"timestamp":"2026-09-18T15:15:29.586Z","level":"error","message":"[LandingPagesRepo] getBySlug failed","requestId":{"context":"seed/utils"},"metadata":{"context":"seed/utils","slug":"yoga","error":"D1 binding not available"}}
{"timestamp":"2026-09-18T15:15:29.586Z","level":"error","message":"[LandingPagesRepo] getBySlug failed","requestId":{"context":"seed/utils"},"metadata":{"context":"seed/utils","slug":"home-services","error":"D1 binding not available"}}
{"timestamp":"2026-09-18T15:15:29.588Z","level":"error","message":"[LandingPagesRepo] getBySlug failed","requestId":{"context":"seed/utils"},"metadata":{"context":"seed/utils","slug":"yoga","error":"D1 binding not available"}}
{"timestamp":"2026-09-18T15:15:29.588Z","level":"error","message":"[LandingPagesRepo] getBySlug failed","requestId":{"context":"seed/utils"},"metadata":{"context":"seed/utils","slug":"home-services","error":"D1 binding not available"}}
[logger-fallback] {"timestamp":"2026-09-18T15:15:29.588Z","level":"warn","message":"[openrouter-client] OpenRouter failed, trying fallback","requestId":{"context":"seed/utils"},"metadata":{"context":"seed/utils","error":"[OpenRouter] Circuit breaker open for openrouter"}}
[logger-fallback] {"timestamp":"2026-09-18T15:15:29.588Z","level":"warn","message":"[openrouter-client] OpenRouter failed, trying fallback","requestId":{"context":"seed/utils"},"metadata":{"context":"seed/utils","error":"[OpenRouter] Circuit breaker open for openrouter"}}
{"timestamp":"2026-09-18T15:15:29.588Z","level":"error","message":"[LLMFallback] Generation failed","requestId":{"context":"seed/utils"},"metadata":{"context":"seed/utils","nicheSlug":"home-services","error":"[OpenRouter] Circuit breaker open for openrouter"}}
{"timestamp":"2026-09-18T15:15:29.588Z","level":"error","message":"[LLMFallback] Generation failed","requestId":{"context":"seed/utils"},"metadata":{"context":"seed/utils","nicheSlug":"yoga","error":"[OpenRouter] Circuit breaker open for openrouter"}}
{"timestamp":"2026-09-18T15:15:29.588Z","level":"error","message":"[LandingSSG] Failed to load content","requestId":{"context":"seed/utils"},"metadata":{"context":"seed/utils","niche":"home-services","locale":"en","error":"Failed to generate landing page for \"home-services\": [OpenRouter] Circuit breaker open for openrouter"}}
{"timestamp":"2026-09-18T15:15:29.588Z","level":"error","message":"[LandingSSG] Failed to load content","requestId":{"context":"seed/utils"},"metadata":{"context":"seed/utils","niche":"yoga","locale":"en","error":"Failed to generate landing page for \"yoga\": [OpenRouter] Circuit breaker open for openrouter"}}
{"timestamp":"2026-09-18T15:15:29.589Z","level":"error","message":"[LandingPagesRepo] getBySlug failed","requestId":{"context":"seed/utils"},"metadata":{"context":"seed/utils","slug":"yoga","error":"D1 binding not available"}}
{"timestamp":"2026-09-18T15:15:29.589Z","level":"error","message":"[LandingPagesRepo] getBySlug failed","requestId":{"context":"seed/utils"},"metadata":{"context":"seed/utils","slug":"home-services","error":"D1 binding not available"}}
{"timestamp":"2026-09-18T15:15:29.592Z","level":"error","message":"[LandingPagesRepo] getBySlug failed","requestId":{"context":"seed/utils"},"metadata":{"context":"seed/utils","slug":"yoga","error":"D1 binding not available"}}
{"timestamp":"2026-09-18T15:15:29.593Z","level":"error","message":"[LandingPagesRepo] getBySlug failed","requestId":{"context":"seed/utils"},"metadata":{"context":"seed/utils","slug":"yoga","error":"D1 binding not available"}}
[logger-fallback] {"timestamp":"2026-09-18T15:15:29.593Z","level":"warn","message":"[openrouter-client] OpenRouter failed, trying fallback","requestId":{"context":"seed/utils"},"metadata":{"context":"seed/utils","error":"[OpenRouter] Circuit breaker open for openrouter"}}
{"timestamp":"2026-09-18T15:15:29.593Z","level":"error","message":"[LLMFallback] Generation failed","requestId":{"context":"seed/utils"},"metadata":{"context":"seed/utils","nicheSlug":"yoga","error":"[OpenRouter] Circuit breaker open for openrouter"}}
{"timestamp":"2026-09-18T15:15:29.594Z","level":"error","message":"[LandingSSG] Failed to load content","requestId":{"context":"seed/utils"},"metadata":{"context":"seed/utils","niche":"yoga","locale":"vi","error":"Failed to generate landing page for \"yoga\": [OpenRouter] Circuit breaker open for openrouter"}}
{"timestamp":"2026-09-18T15:15:29.594Z","level":"error","message":"[LandingPagesRepo] getBySlug failed","requestId":{"context":"seed/utils"},"metadata":{"context":"seed/utils","slug":"yoga","error":"D1 binding not available"}}
{"timestamp":"2026-09-18T15:15:29.597Z","level":"error","message":"[LandingPagesRepo] getBySlug failed","requestId":{"context":"seed/utils"},"metadata":{"context":"seed/utils","slug":"wedding","error":"D1 binding not available"}}
{"timestamp":"2026-09-18T15:15:29.598Z","level":"error","message":"[LandingPagesRepo] getBySlug failed","requestId":{"context":"seed/utils"},"metadata":{"context":"seed/utils","slug":"wedding","error":"D1 binding not available"}}
[logger-fallback] {"timestamp":"2026-09-18T15:15:29.598Z","level":"warn","message":"[openrouter-client] OpenRouter failed, trying fallback","requestId":{"context":"seed/utils"},"metadata":{"context":"seed/utils","error":"[OpenRouter] Circuit breaker open for openrouter"}}
{"timestamp":"2026-09-18T15:15:29.599Z","level":"error","message":"[LLMFallback] Generation failed","requestId":{"context":"seed/utils"},"metadata":{"context":"seed/utils","nicheSlug":"wedding","error":"[OpenRouter] Circuit breaker open for openrouter"}}
{"timestamp":"2026-09-18T15:15:29.599Z","level":"error","message":"[LandingSSG] Failed to load content","requestId":{"context":"seed/utils"},"metadata":{"context":"seed/utils","niche":"wedding","locale":"en","error":"Failed to generate landing page for \"wedding\": [OpenRouter] Circuit breaker open for openrouter"}}
{"timestamp":"2026-09-18T15:15:29.600Z","level":"error","message":"[LandingPagesRepo] getBySlug failed","requestId":{"context":"seed/utils"},"metadata":{"context":"seed/utils","slug":"wedding","error":"D1 binding not available"}}
{"timestamp":"2026-09-18T15:15:29.602Z","level":"error","message":"[LandingPagesRepo] getBySlug failed","requestId":{"context":"seed/utils"},"metadata":{"context":"seed/utils","slug":"tutoring","error":"D1 binding not available"}}
{"timestamp":"2026-09-18T15:15:29.602Z","level":"error","message":"[LandingPagesRepo] getBySlug failed","requestId":{"context":"seed/utils"},"metadata":{"context":"seed/utils","slug":"dental","error":"D1 binding not available"}}
{"timestamp":"2026-09-18T15:15:29.603Z","level":"error","message":"[LandingPagesRepo] getBySlug failed","requestId":{"context":"seed/utils"},"metadata":{"context":"seed/utils","slug":"tutoring","error":"D1 binding not available"}}
{"timestamp":"2026-09-18T15:15:29.603Z","level":"error","message":"[LandingPagesRepo] getBySlug failed","requestId":{"context":"seed/utils"},"metadata":{"context":"seed/utils","slug":"dental","error":"D1 binding not available"}}
[logger-fallback] {"timestamp":"2026-09-18T15:15:29.603Z","level":"warn","message":"[openrouter-client] OpenRouter failed, trying fallback","requestId":{"context":"seed/utils"},"metadata":{"context":"seed/utils","error":"[OpenRouter] Circuit breaker open for openrouter"}}
[logger-fallback] {"timestamp":"2026-09-18T15:15:29.603Z","level":"warn","message":"[openrouter-client] OpenRouter failed, trying fallback","requestId":{"context":"seed/utils"},"metadata":{"context":"seed/utils","error":"[OpenRouter] Circuit breaker open for openrouter"}}
{"timestamp":"2026-09-18T15:15:29.604Z","level":"error","message":"[LLMFallback] Generation failed","requestId":{"context":"seed/utils"},"metadata":{"context":"seed/utils","nicheSlug":"tutoring","error":"[OpenRouter] Circuit breaker open for openrouter"}}
{"timestamp":"2026-09-18T15:15:29.604Z","level":"error","message":"[LLMFallback] Generation failed","requestId":{"context":"seed/utils"},"metadata":{"context":"seed/utils","nicheSlug":"dental","error":"[OpenRouter] Circuit breaker open for openrouter"}}
{"timestamp":"2026-09-18T15:15:29.604Z","level":"error","message":"[LandingSSG] Failed to load content","requestId":{"context":"seed/utils"},"metadata":{"context":"seed/utils","niche":"tutoring","locale":"en","error":"Failed to generate landing page for \"tutoring\": [OpenRouter] Circuit breaker open for openrouter"}}
{"timestamp":"2026-09-18T15:15:29.604Z","level":"error","message":"[LandingSSG] Failed to load content","requestId":{"context":"seed/utils"},"metadata":{"context":"seed/utils","niche":"dental","locale":"vi","error":"Failed to generate landing page for \"dental\": [OpenRouter] Circuit breaker open for openrouter"}}
{"timestamp":"2026-09-18T15:15:29.604Z","level":"error","message":"[LandingPagesRepo] getBySlug failed","requestId":{"context":"seed/utils"},"metadata":{"context":"seed/utils","slug":"tutoring","error":"D1 binding not available"}}
{"timestamp":"2026-09-18T15:15:29.605Z","level":"error","message":"[LandingPagesRepo] getBySlug failed","requestId":{"context":"seed/utils"},"metadata":{"context":"seed/utils","slug":"dental","error":"D1 binding not available"}}
{"timestamp":"2026-09-18T15:15:29.618Z","level":"error","message":"[LandingPagesRepo] getBySlug failed","requestId":{"context":"seed/utils"},"metadata":{"context":"seed/utils","slug":"saas","error":"D1 binding not available"}}
{"timestamp":"2026-09-18T15:15:29.620Z","level":"error","message":"[LandingPagesRepo] getBySlug failed","requestId":{"context":"seed/utils"},"metadata":{"context":"seed/utils","slug":"saas","error":"D1 binding not available"}}
[logger-fallback] {"timestamp":"2026-09-18T15:15:29.620Z","level":"warn","message":"[openrouter-client] OpenRouter failed, trying fallback","requestId":{"context":"seed/utils"},"metadata":{"context":"seed/utils","error":"[OpenRouter] Circuit breaker open for openrouter"}}
{"timestamp":"2026-09-18T15:15:29.620Z","level":"error","message":"[LLMFallback] Generation failed","requestId":{"context":"seed/utils"},"metadata":{"context":"seed/utils","nicheSlug":"saas","error":"[OpenRouter] Circuit breaker open for openrouter"}}
{"timestamp":"2026-09-18T15:15:29.620Z","level":"error","message":"[LandingSSG] Failed to load content","requestId":{"context":"seed/utils"},"metadata":{"context":"seed/utils","niche":"saas","locale":"en","error":"Failed to generate landing page for \"saas\": [OpenRouter] Circuit breaker open for openrouter"}}
{"timestamp":"2026-09-18T15:15:29.621Z","level":"error","message":"[LandingPagesRepo] getBySlug failed","requestId":{"context":"seed/utils"},"metadata":{"context":"seed/utils","slug":"saas","error":"D1 binding not available"}}
{"timestamp":"2026-09-18T15:15:29.627Z","level":"error","message":"[LandingPagesRepo] getBySlug failed","requestId":{"context":"seed/utils"},"metadata":{"context":"seed/utils","slug":"wedding","error":"D1 binding not available"}}
{"timestamp":"2026-09-18T15:15:29.629Z","level":"error","message":"[LandingPagesRepo] getBySlug failed","requestId":{"context":"seed/utils"},"metadata":{"context":"seed/utils","slug":"wedding","error":"D1 binding not available"}}
[logger-fallback] {"timestamp":"2026-09-18T15:15:29.631Z","level":"warn","message":"[openrouter-client] OpenRouter failed, trying fallback","requestId":{"context":"seed/utils"},"metadata":{"context":"seed/utils","error":"[OpenRouter] Circuit breaker open for openrouter"}}
{"timestamp":"2026-09-18T15:15:29.632Z","level":"error","message":"[LLMFallback] Generation failed","requestId":{"context":"seed/utils"},"metadata":{"context":"seed/utils","nicheSlug":"wedding","error":"[OpenRouter] Circuit breaker open for openrouter"}}
{"timestamp":"2026-09-18T15:15:29.632Z","level":"error","message":"[LandingSSG] Failed to load content","requestId":{"context":"seed/utils"},"metadata":{"context":"seed/utils","niche":"wedding","locale":"vi","error":"Failed to generate landing page for \"wedding\": [OpenRouter] Circuit breaker open for openrouter"}}
{"timestamp":"2026-09-18T15:15:29.633Z","level":"error","message":"[LandingPagesRepo] getBySlug failed","requestId":{"context":"seed/utils"},"metadata":{"context":"seed/utils","slug":"wedding","error":"D1 binding not available"}}
{"timestamp":"2026-09-18T15:15:29.638Z","level":"error","message":"[LandingPagesRepo] getBySlug failed","requestId":{"context":"seed/utils"},"metadata":{"context":"seed/utils","slug":"saas","error":"D1 binding not available"}}
{"timestamp":"2026-09-18T15:15:29.639Z","level":"error","message":"[LandingPagesRepo] getBySlug failed","requestId":{"context":"seed/utils"},"metadata":{"context":"seed/utils","slug":"saas","error":"D1 binding not available"}}
[logger-fallback] {"timestamp":"2026-09-18T15:15:29.639Z","level":"warn","message":"[openrouter-client] OpenRouter failed, trying fallback","requestId":{"context":"seed/utils"},"metadata":{"context":"seed/utils","error":"[OpenRouter] Circuit breaker open for openrouter"}}
{"timestamp":"2026-09-18T15:15:29.639Z","level":"error","message":"[LLMFallback] Generation failed","requestId":{"context":"seed/utils"},"metadata":{"context":"seed/utils","nicheSlug":"saas","error":"[OpenRouter] Circuit breaker open for openrouter"}}
{"timestamp":"2026-09-18T15:15:29.640Z","level":"error","message":"[LandingSSG] Failed to load content","requestId":{"context":"seed/utils"},"metadata":{"context":"seed/utils","niche":"saas","locale":"vi","error":"Failed to generate landing page for \"saas\": [OpenRouter] Circuit breaker open for openrouter"}}
{"timestamp":"2026-09-18T15:15:29.640Z","level":"error","message":"[LandingPagesRepo] getBySlug failed","requestId":{"context":"seed/utils"},"metadata":{"context":"seed/utils","slug":"saas","error":"D1 binding not available"}}
{"timestamp":"2026-09-18T15:15:29.647Z","level":"error","message":"[LandingPagesRepo] getBySlug failed","requestId":{"context":"seed/utils"},"metadata":{"context":"seed/utils","slug":"nonprofit","error":"D1 binding not available"}}
{"timestamp":"2026-09-18T15:15:29.648Z","level":"error","message":"[LandingPagesRepo] getBySlug failed","requestId":{"context":"seed/utils"},"metadata":{"context":"seed/utils","slug":"nonprofit","error":"D1 binding not available"}}
[logger-fallback] {"timestamp":"2026-09-18T15:15:29.649Z","level":"warn","message":"[openrouter-client] OpenRouter failed, trying fallback","requestId":{"context":"seed/utils"},"metadata":{"context":"seed/utils","error":"[OpenRouter] Circuit breaker open for openrouter"}}
{"timestamp":"2026-09-18T15:15:29.649Z","level":"error","message":"[LLMFallback] Generation failed","requestId":{"context":"seed/utils"},"metadata":{"context":"seed/utils","nicheSlug":"nonprofit","error":"[OpenRouter] Circuit breaker open for openrouter"}}
{"timestamp":"2026-09-18T15:15:29.649Z","level":"error","message":"[LandingSSG] Failed to load content","requestId":{"context":"seed/utils"},"metadata":{"context":"seed/utils","niche":"nonprofit","locale":"en","error":"Failed to generate landing page for \"nonprofit\": [OpenRouter] Circuit breaker open for openrouter"}}
{"timestamp":"2026-09-18T15:15:29.650Z","level":"error","message":"[LandingPagesRepo] getBySlug failed","requestId":{"context":"seed/utils"},"metadata":{"context":"seed/utils","slug":"nonprofit","error":"D1 binding not available"}}
{"timestamp":"2026-09-18T15:15:29.652Z","level":"error","message":"[LandingPagesRepo] getBySlug failed","requestId":{"context":"seed/utils"},"metadata":{"context":"seed/utils","slug":"nonprofit","error":"D1 binding not available"}}
{"timestamp":"2026-09-18T15:15:29.653Z","level":"error","message":"[LandingPagesRepo] getBySlug failed","requestId":{"context":"seed/utils"},"metadata":{"context":"seed/utils","slug":"nonprofit","error":"D1 binding not available"}}
[logger-fallback] {"timestamp":"2026-09-18T15:15:29.654Z","level":"warn","message":"[openrouter-client] OpenRouter failed, trying fallback","requestId":{"context":"seed/utils"},"metadata":{"context":"seed/utils","error":"[OpenRouter] Circuit breaker open for openrouter"}}
{"timestamp":"2026-09-18T15:15:29.654Z","level":"error","message":"[LLMFallback] Generation failed","requestId":{"context":"seed/utils"},"metadata":{"context":"seed/utils","nicheSlug":"nonprofit","error":"[OpenRouter] Circuit breaker open for openrouter"}}
{"timestamp":"2026-09-18T15:15:29.654Z","level":"error","message":"[LandingSSG] Failed to load content","requestId":{"context":"seed/utils"},"metadata":{"context":"seed/utils","niche":"nonprofit","locale":"vi","error":"Failed to generate landing page for \"nonprofit\": [OpenRouter] Circuit breaker open for openrouter"}}
{"timestamp":"2026-09-18T15:15:29.655Z","level":"error","message":"[LandingPagesRepo] getBySlug failed","requestId":{"context":"seed/utils"},"metadata":{"context":"seed/utils","slug":"nonprofit","error":"D1 binding not available"}}
{"timestamp":"2026-09-18T15:15:29.662Z","level":"error","message":"[LandingPagesRepo] getBySlug failed","requestId":{"context":"seed/utils"},"metadata":{"context":"seed/utils","slug":"construction","error":"D1 binding not available"}}
{"timestamp":"2026-09-18T15:15:29.663Z","level":"error","message":"[LandingPagesRepo] getBySlug failed","requestId":{"context":"seed/utils"},"metadata":{"context":"seed/utils","slug":"construction","error":"D1 binding not available"}}
[logger-fallback] {"timestamp":"2026-09-18T15:15:29.664Z","level":"warn","message":"[openrouter-client] OpenRouter failed, trying fallback","requestId":{"context":"seed/utils"},"metadata":{"context":"seed/utils","error":"[OpenRouter] Circuit breaker open for openrouter"}}
{"timestamp":"2026-09-18T15:15:29.664Z","level":"error","message":"[LLMFallback] Generation failed","requestId":{"context":"seed/utils"},"metadata":{"context":"seed/utils","nicheSlug":"construction","error":"[OpenRouter] Circuit breaker open for openrouter"}}
{"timestamp":"2026-09-18T15:15:29.664Z","level":"error","message":"[LandingSSG] Failed to load content","requestId":{"context":"seed/utils"},"metadata":{"context":"seed/utils","niche":"construction","locale":"en","error":"Failed to generate landing page for \"construction\": [OpenRouter] Circuit breaker open for openrouter"}}
{"timestamp":"2026-09-18T15:15:29.665Z","level":"error","message":"[LandingPagesRepo] getBySlug failed","requestId":{"context":"seed/utils"},"metadata":{"context":"seed/utils","slug":"construction","error":"D1 binding not available"}}
[logger-fallback] {"timestamp":"2026-09-18T15:15:29.669Z","level":"warn","message":"[CircuitBreaker] openrouter:platform failure recorded","requestId":{"context":"seed/utils"},"metadata":{"context":"seed/utils","service":"openrouter:platform","kind":"AUTH_FAILURE","failureCount":8,"state":"OPEN"}}
{"timestamp":"2026-09-18T15:15:29.669Z","level":"error","message":"[CircuitBreaker] D1 persist failed","requestId":{"context":"seed/utils"},"metadata":{"context":"seed/utils","service":"openrouter:platform","error":"Error: D1 database binding not available — call getD1() first to resolve local shim"}}
[logger-fallback] {"timestamp":"2026-09-18T15:15:29.669Z","level":"warn","message":"[openrouter-client] OpenRouter failed, trying fallback","requestId":{"context":"seed/utils"},"metadata":{"context":"seed/utils","error":"OpenRouter HTTP 401: {\"error\":{\"message\":\"User not found.\",\"code\":401}}"}}
{"timestamp":"2026-09-18T15:15:29.670Z","level":"error","message":"[LLMFallback] Generation failed","requestId":{"context":"seed/utils"},"metadata":{"context":"seed/utils","nicheSlug":"coffee-shop","error":"OpenRouter HTTP 401: {\"error\":{\"message\":\"User not found.\",\"code\":401}}"}}
{"timestamp":"2026-09-18T15:15:29.670Z","level":"error","message":"[LandingSSG] Failed to load content","requestId":{"context":"seed/utils"},"metadata":{"context":"seed/utils","niche":"coffee-shop","locale":"vi","error":"Failed to generate landing page for \"coffee-shop\": OpenRouter HTTP 401: {\"error\":{\"message\":\"User not found.\",\"code\":401}}"}}
{"timestamp":"2026-09-18T15:15:29.672Z","level":"error","message":"[LandingPagesRepo] getBySlug failed","requestId":{"context":"seed/utils"},"metadata":{"context":"seed/utils","slug":"logistics","error":"D1 binding not available"}}
{"timestamp":"2026-09-18T15:15:29.673Z","level":"error","message":"[LandingPagesRepo] getBySlug failed","requestId":{"context":"seed/utils"},"metadata":{"context":"seed/utils","slug":"logistics","error":"D1 binding not available"}}
[logger-fallback] {"timestamp":"2026-09-18T15:15:29.673Z","level":"warn","message":"[openrouter-client] OpenRouter failed, trying fallback","requestId":{"context":"seed/utils"},"metadata":{"context":"seed/utils","error":"[OpenRouter] Circuit breaker open for openrouter"}}
{"timestamp":"2026-09-18T15:15:29.674Z","level":"error","message":"[LLMFallback] Generation failed","requestId":{"context":"seed/utils"},"metadata":{"context":"seed/utils","nicheSlug":"logistics","error":"[OpenRouter] Circuit breaker open for openrouter"}}
{"timestamp":"2026-09-18T15:15:29.674Z","level":"error","message":"[LandingSSG] Failed to load content","requestId":{"context":"seed/utils"},"metadata":{"context":"seed/utils","niche":"logistics","locale":"en","error":"Failed to generate landing page for \"logistics\": [OpenRouter] Circuit breaker open for openrouter"}}
{"timestamp":"2026-09-18T15:15:29.675Z","level":"error","message":"[LandingPagesRepo] getBySlug failed","requestId":{"context":"seed/utils"},"metadata":{"context":"seed/utils","slug":"logistics","error":"D1 binding not available"}}
{"timestamp":"2026-09-18T15:15:29.677Z","level":"error","message":"[LandingPagesRepo] getBySlug failed","requestId":{"context":"seed/utils"},"metadata":{"context":"seed/utils","slug":"construction","error":"D1 binding not available"}}
{"timestamp":"2026-09-18T15:15:29.677Z","level":"error","message":"[LandingPagesRepo] getBySlug failed","requestId":{"context":"seed/utils"},"metadata":{"context":"seed/utils","slug":"construction","error":"D1 binding not available"}}
[logger-fallback] {"timestamp":"2026-09-18T15:15:29.678Z","level":"warn","message":"[openrouter-client] OpenRouter failed, trying fallback","requestId":{"context":"seed/utils"},"metadata":{"context":"seed/utils","error":"[OpenRouter] Circuit breaker open for openrouter"}}
{"timestamp":"2026-09-18T15:15:29.678Z","level":"error","message":"[LLMFallback] Generation failed","requestId":{"context":"seed/utils"},"metadata":{"context":"seed/utils","nicheSlug":"construction","error":"[OpenRouter] Circuit breaker open for openrouter"}}
{"timestamp":"2026-09-18T15:15:29.678Z","level":"error","message":"[LandingSSG] Failed to load content","requestId":{"context":"seed/utils"},"metadata":{"context":"seed/utils","niche":"construction","locale":"vi","error":"Failed to generate landing page for \"construction\": [OpenRouter] Circuit breaker open for openrouter"}}
{"timestamp":"2026-09-18T15:15:29.679Z","level":"error","message":"[LandingPagesRepo] getBySlug failed","requestId":{"context":"seed/utils"},"metadata":{"context":"seed/utils","slug":"construction","error":"D1 binding not available"}}
{"timestamp":"2026-09-18T15:15:29.679Z","level":"error","message":"[LandingPagesRepo] getBySlug failed","requestId":{"context":"seed/utils"},"metadata":{"context":"seed/utils","slug":"daycare","error":"D1 binding not available"}}
{"timestamp":"2026-09-18T15:15:29.681Z","level":"error","message":"[LandingPagesRepo] getBySlug failed","requestId":{"context":"seed/utils"},"metadata":{"context":"seed/utils","slug":"daycare","error":"D1 binding not available"}}
[logger-fallback] {"timestamp":"2026-09-18T15:15:29.681Z","level":"warn","message":"[openrouter-client] OpenRouter failed, trying fallback","requestId":{"context":"seed/utils"},"metadata":{"context":"seed/utils","error":"[OpenRouter] Circuit breaker open for openrouter"}}
{"timestamp":"2026-09-18T15:15:29.681Z","level":"error","message":"[LandingPagesRepo] getBySlug failed","requestId":{"context":"seed/utils"},"metadata":{"context":"seed/utils","slug":"logistics","error":"D1 binding not available"}}
{"timestamp":"2026-09-18T15:15:29.681Z","level":"error","message":"[LLMFallback] Generation failed","requestId":{"context":"seed/utils"},"metadata":{"context":"seed/utils","nicheSlug":"daycare","error":"[OpenRouter] Circuit breaker open for openrouter"}}
{"timestamp":"2026-09-18T15:15:29.682Z","level":"error","message":"[LandingSSG] Failed to load content","requestId":{"context":"seed/utils"},"metadata":{"context":"seed/utils","niche":"daycare","locale":"en","error":"Failed to generate landing page for \"daycare\": [OpenRouter] Circuit breaker open for openrouter"}}
{"timestamp":"2026-09-18T15:15:29.682Z","level":"error","message":"[LandingPagesRepo] getBySlug failed","requestId":{"context":"seed/utils"},"metadata":{"context":"seed/utils","slug":"logistics","error":"D1 binding not available"}}
{"timestamp":"2026-09-18T15:15:29.682Z","level":"error","message":"[LandingPagesRepo] getBySlug failed","requestId":{"context":"seed/utils"},"metadata":{"context":"seed/utils","slug":"daycare","error":"D1 binding not available"}}
[logger-fallback] {"timestamp":"2026-09-18T15:15:29.682Z","level":"warn","message":"[openrouter-client] OpenRouter failed, trying fallback","requestId":{"context":"seed/utils"},"metadata":{"context":"seed/utils","error":"[OpenRouter] Circuit breaker open for openrouter"}}
{"timestamp":"2026-09-18T15:15:29.683Z","level":"error","message":"[LLMFallback] Generation failed","requestId":{"context":"seed/utils"},"metadata":{"context":"seed/utils","nicheSlug":"logistics","error":"[OpenRouter] Circuit breaker open for openrouter"}}
{"timestamp":"2026-09-18T15:15:29.683Z","level":"error","message":"[LandingSSG] Failed to load content","requestId":{"context":"seed/utils"},"metadata":{"context":"seed/utils","niche":"logistics","locale":"vi","error":"Failed to generate landing page for \"logistics\": [OpenRouter] Circuit breaker open for openrouter"}}
{"timestamp":"2026-09-18T15:15:29.684Z","level":"error","message":"[LandingPagesRepo] getBySlug failed","requestId":{"context":"seed/utils"},"metadata":{"context":"seed/utils","slug":"logistics","error":"D1 binding not available"}}
{"timestamp":"2026-09-18T15:15:29.686Z","level":"error","message":"[LandingPagesRepo] getBySlug failed","requestId":{"context":"seed/utils"},"metadata":{"context":"seed/utils","slug":"digital-marketing","error":"D1 binding not available"}}
{"timestamp":"2026-09-18T15:15:29.686Z","level":"error","message":"[LandingPagesRepo] getBySlug failed","requestId":{"context":"seed/utils"},"metadata":{"context":"seed/utils","slug":"digital-marketing","error":"D1 binding not available"}}
[logger-fallback] {"timestamp":"2026-09-18T15:15:29.687Z","level":"warn","message":"[openrouter-client] OpenRouter failed, trying fallback","requestId":{"context":"seed/utils"},"metadata":{"context":"seed/utils","error":"[OpenRouter] Circuit breaker open for openrouter"}}
{"timestamp":"2026-09-18T15:15:29.687Z","level":"error","message":"[LLMFallback] Generation failed","requestId":{"context":"seed/utils"},"metadata":{"context":"seed/utils","nicheSlug":"digital-marketing","error":"[OpenRouter] Circuit breaker open for openrouter"}}
{"timestamp":"2026-09-18T15:15:29.687Z","level":"error","message":"[LandingSSG] Failed to load content","requestId":{"context":"seed/utils"},"metadata":{"context":"seed/utils","niche":"digital-marketing","locale":"vi","error":"Failed to generate landing page for \"digital-marketing\": [OpenRouter] Circuit breaker open for openrouter"}}
{"timestamp":"2026-09-18T15:15:29.688Z","level":"error","message":"[LandingPagesRepo] getBySlug failed","requestId":{"context":"seed/utils"},"metadata":{"context":"seed/utils","slug":"digital-marketing","error":"D1 binding not available"}}
{"timestamp":"2026-09-18T15:15:29.691Z","level":"error","message":"[LandingPagesRepo] getBySlug failed","requestId":{"context":"seed/utils"},"metadata":{"context":"seed/utils","slug":"daycare","error":"D1 binding not available"}}
{"timestamp":"2026-09-18T15:15:29.692Z","level":"error","message":"[LandingPagesRepo] getBySlug failed","requestId":{"context":"seed/utils"},"metadata":{"context":"seed/utils","slug":"daycare","error":"D1 binding not available"}}
[logger-fallback] {"timestamp":"2026-09-18T15:15:29.692Z","level":"warn","message":"[openrouter-client] OpenRouter failed, trying fallback","requestId":{"context":"seed/utils"},"metadata":{"context":"seed/utils","error":"[OpenRouter] Circuit breaker open for openrouter"}}
{"timestamp":"2026-09-18T15:15:29.692Z","level":"error","message":"[LLMFallback] Generation failed","requestId":{"context":"seed/utils"},"metadata":{"context":"seed/utils","nicheSlug":"daycare","error":"[OpenRouter] Circuit breaker open for openrouter"}}
{"timestamp":"2026-09-18T15:15:29.692Z","level":"error","message":"[LandingSSG] Failed to load content","requestId":{"context":"seed/utils"},"metadata":{"context":"seed/utils","niche":"daycare","locale":"vi","error":"Failed to generate landing page for \"daycare\": [OpenRouter] Circuit breaker open for openrouter"}}
{"timestamp":"2026-09-18T15:15:29.693Z","level":"error","message":"[LandingPagesRepo] getBySlug failed","requestId":{"context":"seed/utils"},"metadata":{"context":"seed/utils","slug":"daycare","error":"D1 binding not available"}}
{"timestamp":"2026-09-18T15:15:29.694Z","level":"error","message":"[LandingPagesRepo] getBySlug failed","requestId":{"context":"seed/utils"},"metadata":{"context":"seed/utils","slug":"accounting","error":"D1 binding not available"}}
{"timestamp":"2026-09-18T15:15:29.696Z","level":"error","message":"[LandingPagesRepo] getBySlug failed","requestId":{"context":"seed/utils"},"metadata":{"context":"seed/utils","slug":"accounting","error":"D1 binding not available"}}
[logger-fallback] {"timestamp":"2026-09-18T15:15:29.696Z","level":"warn","message":"[openrouter-client] OpenRouter failed, trying fallback","requestId":{"context":"seed/utils"},"metadata":{"context":"seed/utils","error":"[OpenRouter] Circuit breaker open for openrouter"}}
{"timestamp":"2026-09-18T15:15:29.697Z","level":"error","message":"[LLMFallback] Generation failed","requestId":{"context":"seed/utils"},"metadata":{"context":"seed/utils","nicheSlug":"accounting","error":"[OpenRouter] Circuit breaker open for openrouter"}}
{"timestamp":"2026-09-18T15:15:29.697Z","level":"error","message":"[LandingSSG] Failed to load content","requestId":{"context":"seed/utils"},"metadata":{"context":"seed/utils","niche":"accounting","locale":"en","error":"Failed to generate landing page for \"accounting\": [OpenRouter] Circuit breaker open for openrouter"}}
{"timestamp":"2026-09-18T15:15:29.697Z","level":"error","message":"[LandingPagesRepo] getBySlug failed","requestId":{"context":"seed/utils"},"metadata":{"context":"seed/utils","slug":"accounting","error":"D1 binding not available"}}
{"timestamp":"2026-09-18T15:15:29.700Z","level":"error","message":"[LandingPagesRepo] getBySlug failed","requestId":{"context":"seed/utils"},"metadata":{"context":"seed/utils","slug":"electronics","error":"D1 binding not available"}}
{"timestamp":"2026-09-18T15:15:29.701Z","level":"error","message":"[LandingPagesRepo] getBySlug failed","requestId":{"context":"seed/utils"},"metadata":{"context":"seed/utils","slug":"electronics","error":"D1 binding not available"}}
[logger-fallback] {"timestamp":"2026-09-18T15:15:29.701Z","level":"warn","message":"[openrouter-client] OpenRouter failed, trying fallback","requestId":{"context":"seed/utils"},"metadata":{"context":"seed/utils","error":"[OpenRouter] Circuit breaker open for openrouter"}}
{"timestamp":"2026-09-18T15:15:29.701Z","level":"error","message":"[LandingPagesRepo] getBySlug failed","requestId":{"context":"seed/utils"},"metadata":{"context":"seed/utils","slug":"architecture","error":"D1 binding not available"}}
{"timestamp":"2026-09-18T15:15:29.701Z","level":"error","message":"[LLMFallback] Generation failed","requestId":{"context":"seed/utils"},"metadata":{"context":"seed/utils","nicheSlug":"electronics","error":"[OpenRouter] Circuit breaker open for openrouter"}}
{"timestamp":"2026-09-18T15:15:29.702Z","level":"error","message":"[LandingSSG] Failed to load content","requestId":{"context":"seed/utils"},"metadata":{"context":"seed/utils","niche":"electronics","locale":"en","error":"Failed to generate landing page for \"electronics\": [OpenRouter] Circuit breaker open for openrouter"}}
{"timestamp":"2026-09-18T15:15:29.702Z","level":"error","message":"[LandingPagesRepo] getBySlug failed","requestId":{"context":"seed/utils"},"metadata":{"context":"seed/utils","slug":"architecture","error":"D1 binding not available"}}
{"timestamp":"2026-09-18T15:15:29.702Z","level":"error","message":"[LandingPagesRepo] getBySlug failed","requestId":{"context":"seed/utils"},"metadata":{"context":"seed/utils","slug":"electronics","error":"D1 binding not available"}}
[logger-fallback] {"timestamp":"2026-09-18T15:15:29.702Z","level":"warn","message":"[openrouter-client] OpenRouter failed, trying fallback","requestId":{"context":"seed/utils"},"metadata":{"context":"seed/utils","error":"[OpenRouter] Circuit breaker open for openrouter"}}
{"timestamp":"2026-09-18T15:15:29.702Z","level":"error","message":"[LLMFallback] Generation failed","requestId":{"context":"seed/utils"},"metadata":{"context":"seed/utils","nicheSlug":"architecture","error":"[OpenRouter] Circuit breaker open for openrouter"}}
{"timestamp":"2026-09-18T15:15:29.703Z","level":"error","message":"[LandingSSG] Failed to load content","requestId":{"context":"seed/utils"},"metadata":{"context":"seed/utils","niche":"architecture","locale":"vi","error":"Failed to generate landing page for \"architecture\": [OpenRouter] Circuit breaker open for openrouter"}}
{"timestamp":"2026-09-18T15:15:29.704Z","level":"error","message":"[LandingPagesRepo] getBySlug failed","requestId":{"context":"seed/utils"},"metadata":{"context":"seed/utils","slug":"architecture","error":"D1 binding not available"}}
{"timestamp":"2026-09-18T15:15:29.705Z","level":"error","message":"[LandingPagesRepo] getBySlug failed","requestId":{"context":"seed/utils"},"metadata":{"context":"seed/utils","slug":"electronics","error":"D1 binding not available"}}
{"timestamp":"2026-09-18T15:15:29.706Z","level":"error","message":"[LandingPagesRepo] getBySlug failed","requestId":{"context":"seed/utils"},"metadata":{"context":"seed/utils","slug":"electronics","error":"D1 binding not available"}}
[logger-fallback] {"timestamp":"2026-09-18T15:15:29.706Z","level":"warn","message":"[openrouter-client] OpenRouter failed, trying fallback","requestId":{"context":"seed/utils"},"metadata":{"context":"seed/utils","error":"[OpenRouter] Circuit breaker open for openrouter"}}
{"timestamp":"2026-09-18T15:15:29.706Z","level":"error","message":"[LLMFallback] Generation failed","requestId":{"context":"seed/utils"},"metadata":{"context":"seed/utils","nicheSlug":"electronics","error":"[OpenRouter] Circuit breaker open for openrouter"}}
{"timestamp":"2026-09-18T15:15:29.706Z","level":"error","message":"[LandingSSG] Failed to load content","requestId":{"context":"seed/utils"},"metadata":{"context":"seed/utils","niche":"electronics","locale":"vi","error":"Failed to generate landing page for \"electronics\": [OpenRouter] Circuit breaker open for openrouter"}}
{"timestamp":"2026-09-18T15:15:29.707Z","level":"error","message":"[LandingPagesRepo] getBySlug failed","requestId":{"context":"seed/utils"},"metadata":{"context":"seed/utils","slug":"electronics","error":"D1 binding not available"}}
{"timestamp":"2026-09-18T15:15:29.711Z","level":"error","message":"[LandingPagesRepo] getBySlug failed","requestId":{"context":"seed/utils"},"metadata":{"context":"seed/utils","slug":"architecture","error":"D1 binding not available"}}
{"timestamp":"2026-09-18T15:15:29.712Z","level":"error","message":"[LandingPagesRepo] getBySlug failed","requestId":{"context":"seed/utils"},"metadata":{"context":"seed/utils","slug":"architecture","error":"D1 binding not available"}}
[logger-fallback] {"timestamp":"2026-09-18T15:15:29.712Z","level":"warn","message":"[openrouter-client] OpenRouter failed, trying fallback","requestId":{"context":"seed/utils"},"metadata":{"context":"seed/utils","error":"[OpenRouter] Circuit breaker open for openrouter"}}
{"timestamp":"2026-09-18T15:15:29.712Z","level":"error","message":"[LLMFallback] Generation failed","requestId":{"context":"seed/utils"},"metadata":{"context":"seed/utils","nicheSlug":"architecture","error":"[OpenRouter] Circuit breaker open for openrouter"}}
{"timestamp":"2026-09-18T15:15:29.712Z","level":"error","message":"[LandingSSG] Failed to load content","requestId":{"context":"seed/utils"},"metadata":{"context":"seed/utils","niche":"architecture","locale":"en","error":"Failed to generate landing page for \"architecture\": [OpenRouter] Circuit breaker open for openrouter"}}
{"timestamp":"2026-09-18T15:15:29.713Z","level":"error","message":"[LandingPagesRepo] getBySlug failed","requestId":{"context":"seed/utils"},"metadata":{"context":"seed/utils","slug":"architecture","error":"D1 binding not available"}}
{"timestamp":"2026-09-18T15:15:29.714Z","level":"error","message":"[LandingPagesRepo] getBySlug failed","requestId":{"context":"seed/utils"},"metadata":{"context":"seed/utils","slug":"event-planning","error":"D1 binding not available"}}
{"timestamp":"2026-09-18T15:15:29.715Z","level":"error","message":"[LandingPagesRepo] getBySlug failed","requestId":{"context":"seed/utils"},"metadata":{"context":"seed/utils","slug":"event-planning","error":"D1 binding not available"}}
[logger-fallback] {"timestamp":"2026-09-18T15:15:29.715Z","level":"warn","message":"[openrouter-client] OpenRouter failed, trying fallback","requestId":{"context":"seed/utils"},"metadata":{"context":"seed/utils","error":"[OpenRouter] Circuit breaker open for openrouter"}}
{"timestamp":"2026-09-18T15:15:29.716Z","level":"error","message":"[LLMFallback] Generation failed","requestId":{"context":"seed/utils"},"metadata":{"context":"seed/utils","nicheSlug":"event-planning","error":"[OpenRouter] Circuit breaker open for openrouter"}}
{"timestamp":"2026-09-18T15:15:29.716Z","level":"error","message":"[LandingSSG] Failed to load content","requestId":{"context":"seed/utils"},"metadata":{"context":"seed/utils","niche":"event-planning","locale":"en","error":"Failed to generate landing page for \"event-planning\": [OpenRouter] Circuit breaker open for openrouter"}}
{"timestamp":"2026-09-18T15:15:29.716Z","level":"error","message":"[LandingPagesRepo] getBySlug failed","requestId":{"context":"seed/utils"},"metadata":{"context":"seed/utils","slug":"accounting","error":"D1 binding not available"}}
{"timestamp":"2026-09-18T15:15:29.717Z","level":"error","message":"[LandingPagesRepo] getBySlug failed","requestId":{"context":"seed/utils"},"metadata":{"context":"seed/utils","slug":"event-planning","error":"D1 binding not available"}}
{"timestamp":"2026-09-18T15:15:29.717Z","level":"error","message":"[LandingPagesRepo] getBySlug failed","requestId":{"context":"seed/utils"},"metadata":{"context":"seed/utils","slug":"accounting","error":"D1 binding not available"}}
[logger-fallback] {"timestamp":"2026-09-18T15:15:29.717Z","level":"warn","message":"[openrouter-client] OpenRouter failed, trying fallback","requestId":{"context":"seed/utils"},"metadata":{"context":"seed/utils","error":"[OpenRouter] Circuit breaker open for openrouter"}}
{"timestamp":"2026-09-18T15:15:29.717Z","level":"error","message":"[LLMFallback] Generation failed","requestId":{"context":"seed/utils"},"metadata":{"context":"seed/utils","nicheSlug":"accounting","error":"[OpenRouter] Circuit breaker open for openrouter"}}
{"timestamp":"2026-09-18T15:15:29.718Z","level":"error","message":"[LandingSSG] Failed to load content","requestId":{"context":"seed/utils"},"metadata":{"context":"seed/utils","niche":"accounting","locale":"vi","error":"Failed to generate landing page for \"accounting\": [OpenRouter] Circuit breaker open for openrouter"}}
{"timestamp":"2026-09-18T15:15:29.718Z","level":"error","message":"[LandingPagesRepo] getBySlug failed","requestId":{"context":"seed/utils"},"metadata":{"context":"seed/utils","slug":"accounting","error":"D1 binding not available"}}
{"timestamp":"2026-09-18T15:15:29.726Z","level":"error","message":"[LandingPagesRepo] getBySlug failed","requestId":{"context":"seed/utils"},"metadata":{"context":"seed/utils","slug":"bakery","error":"D1 binding not available"}}
{"timestamp":"2026-09-18T15:15:29.727Z","level":"error","message":"[LandingPagesRepo] getBySlug failed","requestId":{"context":"seed/utils"},"metadata":{"context":"seed/utils","slug":"digital-marketing","error":"D1 binding not available"}}
{"timestamp":"2026-09-18T15:15:29.727Z","level":"error","message":"[LandingPagesRepo] getBySlug failed","requestId":{"context":"seed/utils"},"metadata":{"context":"seed/utils","slug":"bakery","error":"D1 binding not available"}}
[logger-fallback] {"timestamp":"2026-09-18T15:15:29.727Z","level":"warn","message":"[openrouter-client] OpenRouter failed, trying fallback","requestId":{"context":"seed/utils"},"metadata":{"context":"seed/utils","error":"[OpenRouter] Circuit breaker open for openrouter"}}
{"timestamp":"2026-09-18T15:15:29.727Z","level":"error","message":"[LLMFallback] Generation failed","requestId":{"context":"seed/utils"},"metadata":{"context":"seed/utils","nicheSlug":"bakery","error":"[OpenRouter] Circuit breaker open for openrouter"}}
{"timestamp":"2026-09-18T15:15:29.727Z","level":"error","message":"[LandingSSG] Failed to load content","requestId":{"context":"seed/utils"},"metadata":{"context":"seed/utils","niche":"bakery","locale":"en","error":"Failed to generate landing page for \"bakery\": [OpenRouter] Circuit breaker open for openrouter"}}
{"timestamp":"2026-09-18T15:15:29.728Z","level":"error","message":"[LandingPagesRepo] getBySlug failed","requestId":{"context":"seed/utils"},"metadata":{"context":"seed/utils","slug":"digital-marketing","error":"D1 binding not available"}}
{"timestamp":"2026-09-18T15:15:29.728Z","level":"error","message":"[LandingPagesRepo] getBySlug failed","requestId":{"context":"seed/utils"},"metadata":{"context":"seed/utils","slug":"bakery","error":"D1 binding not available"}}
[logger-fallback] {"timestamp":"2026-09-18T15:15:29.728Z","level":"warn","message":"[openrouter-client] OpenRouter failed, trying fallback","requestId":{"context":"seed/utils"},"metadata":{"context":"seed/utils","error":"[OpenRouter] Circuit breaker open for openrouter"}}
{"timestamp":"2026-09-18T15:15:29.728Z","level":"error","message":"[LLMFallback] Generation failed","requestId":{"context":"seed/utils"},"metadata":{"context":"seed/utils","nicheSlug":"digital-marketing","error":"[OpenRouter] Circuit breaker open for openrouter"}}
{"timestamp":"2026-09-18T15:15:29.728Z","level":"error","message":"[LandingSSG] Failed to load content","requestId":{"context":"seed/utils"},"metadata":{"context":"seed/utils","niche":"digital-marketing","locale":"en","error":"Failed to generate landing page for \"digital-marketing\": [OpenRouter] Circuit breaker open for openrouter"}}
{"timestamp":"2026-09-18T15:15:29.729Z","level":"error","message":"[LandingPagesRepo] getBySlug failed","requestId":{"context":"seed/utils"},"metadata":{"context":"seed/utils","slug":"digital-marketing","error":"D1 binding not available"}}
{"timestamp":"2026-09-18T15:15:29.731Z","level":"error","message":"[LandingPagesRepo] getBySlug failed","requestId":{"context":"seed/utils"},"metadata":{"context":"seed/utils","slug":"bakery","error":"D1 binding not available"}}
{"timestamp":"2026-09-18T15:15:29.732Z","level":"error","message":"[LandingPagesRepo] getBySlug failed","requestId":{"context":"seed/utils"},"metadata":{"context":"seed/utils","slug":"bakery","error":"D1 binding not available"}}
[logger-fallback] {"timestamp":"2026-09-18T15:15:29.732Z","level":"warn","message":"[openrouter-client] OpenRouter failed, trying fallback","requestId":{"context":"seed/utils"},"metadata":{"context":"seed/utils","error":"[OpenRouter] Circuit breaker open for openrouter"}}
{"timestamp":"2026-09-18T15:15:29.732Z","level":"error","message":"[LLMFallback] Generation failed","requestId":{"context":"seed/utils"},"metadata":{"context":"seed/utils","nicheSlug":"bakery","error":"[OpenRouter] Circuit breaker open for openrouter"}}
{"timestamp":"2026-09-18T15:15:29.733Z","level":"error","message":"[LandingSSG] Failed to load content","requestId":{"context":"seed/utils"},"metadata":{"context":"seed/utils","niche":"bakery","locale":"vi","error":"Failed to generate landing page for \"bakery\": [OpenRouter] Circuit breaker open for openrouter"}}
{"timestamp":"2026-09-18T15:15:29.733Z","level":"error","message":"[LandingPagesRepo] getBySlug failed","requestId":{"context":"seed/utils"},"metadata":{"context":"seed/utils","slug":"bakery","error":"D1 binding not available"}}
{"timestamp":"2026-09-18T15:15:29.733Z","level":"error","message":"[LandingPagesRepo] getBySlug failed","requestId":{"context":"seed/utils"},"metadata":{"context":"seed/utils","slug":"event-planning","error":"D1 binding not available"}}
{"timestamp":"2026-09-18T15:15:29.734Z","level":"error","message":"[LandingPagesRepo] getBySlug failed","requestId":{"context":"seed/utils"},"metadata":{"context":"seed/utils","slug":"event-planning","error":"D1 binding not available"}}
[logger-fallback] {"timestamp":"2026-09-18T15:15:29.735Z","level":"warn","message":"[openrouter-client] OpenRouter failed, trying fallback","requestId":{"context":"seed/utils"},"metadata":{"context":"seed/utils","error":"[OpenRouter] Circuit breaker open for openrouter"}}
{"timestamp":"2026-09-18T15:15:29.735Z","level":"error","message":"[LLMFallback] Generation failed","requestId":{"context":"seed/utils"},"metadata":{"context":"seed/utils","nicheSlug":"event-planning","error":"[OpenRouter] Circuit breaker open for openrouter"}}
{"timestamp":"2026-09-18T15:15:29.735Z","level":"error","message":"[LandingSSG] Failed to load content","requestId":{"context":"seed/utils"},"metadata":{"context":"seed/utils","niche":"event-planning","locale":"vi","error":"Failed to generate landing page for \"event-planning\": [OpenRouter] Circuit breaker open for openrouter"}}
{"timestamp":"2026-09-18T15:15:29.736Z","level":"error","message":"[LandingPagesRepo] getBySlug failed","requestId":{"context":"seed/utils"},"metadata":{"context":"seed/utils","slug":"event-planning","error":"D1 binding not available"}}
{"timestamp":"2026-09-18T15:15:29.740Z","level":"error","message":"[LandingPagesRepo] getBySlug failed","requestId":{"context":"seed/utils"},"metadata":{"context":"seed/utils","slug":"barber","error":"D1 binding not available"}}
{"timestamp":"2026-09-18T15:15:29.740Z","level":"error","message":"[LandingPagesRepo] getBySlug failed","requestId":{"context":"seed/utils"},"metadata":{"context":"seed/utils","slug":"barber","error":"D1 binding not available"}}
[logger-fallback] {"timestamp":"2026-09-18T15:15:29.741Z","level":"warn","message":"[openrouter-client] OpenRouter failed, trying fallback","requestId":{"context":"seed/utils"},"metadata":{"context":"seed/utils","error":"[OpenRouter] Circuit breaker open for openrouter"}}
{"timestamp":"2026-09-18T15:15:29.741Z","level":"error","message":"[LLMFallback] Generation failed","requestId":{"context":"seed/utils"},"metadata":{"context":"seed/utils","nicheSlug":"barber","error":"[OpenRouter] Circuit breaker open for openrouter"}}
{"timestamp":"2026-09-18T15:15:29.741Z","level":"error","message":"[LandingSSG] Failed to load content","requestId":{"context":"seed/utils"},"metadata":{"context":"seed/utils","niche":"barber","locale":"en","error":"Failed to generate landing page for \"barber\": [OpenRouter] Circuit breaker open for openrouter"}}
{"timestamp":"2026-09-18T15:15:29.742Z","level":"error","message":"[LandingPagesRepo] getBySlug failed","requestId":{"context":"seed/utils"},"metadata":{"context":"seed/utils","slug":"barber","error":"D1 binding not available"}}
{"timestamp":"2026-09-18T15:15:29.745Z","level":"error","message":"[LandingPagesRepo] getBySlug failed","requestId":{"context":"seed/utils"},"metadata":{"context":"seed/utils","slug":"barber","error":"D1 binding not available"}}
{"timestamp":"2026-09-18T15:15:29.747Z","level":"error","message":"[LandingPagesRepo] getBySlug failed","requestId":{"context":"seed/utils"},"metadata":{"context":"seed/utils","slug":"barber","error":"D1 binding not available"}}
[logger-fallback] {"timestamp":"2026-09-18T15:15:29.749Z","level":"warn","message":"[openrouter-client] OpenRouter failed, trying fallback","requestId":{"context":"seed/utils"},"metadata":{"context":"seed/utils","error":"[OpenRouter] Circuit breaker open for openrouter"}}
{"timestamp":"2026-09-18T15:15:29.749Z","level":"error","message":"[LLMFallback] Generation failed","requestId":{"context":"seed/utils"},"metadata":{"context":"seed/utils","nicheSlug":"barber","error":"[OpenRouter] Circuit breaker open for openrouter"}}
{"timestamp":"2026-09-18T15:15:29.749Z","level":"error","message":"[LandingSSG] Failed to load content","requestId":{"context":"seed/utils"},"metadata":{"context":"seed/utils","niche":"barber","locale":"vi","error":"Failed to generate landing page for \"barber\": [OpenRouter] Circuit breaker open for openrouter"}}
{"timestamp":"2026-09-18T15:15:29.750Z","level":"error","message":"[LandingPagesRepo] getBySlug failed","requestId":{"context":"seed/utils"},"metadata":{"context":"seed/utils","slug":"barber","error":"D1 binding not available"}}
{"timestamp":"2026-09-18T15:15:29.750Z","level":"error","message":"[LandingPagesRepo] getBySlug failed","requestId":{"context":"seed/utils"},"metadata":{"context":"seed/utils","slug":"farming","error":"D1 binding not available"}}
{"timestamp":"2026-09-18T15:15:29.751Z","level":"error","message":"[LandingPagesRepo] getBySlug failed","requestId":{"context":"seed/utils"},"metadata":{"context":"seed/utils","slug":"farming","error":"D1 binding not available"}}
[logger-fallback] {"timestamp":"2026-09-18T15:15:29.752Z","level":"warn","message":"[openrouter-client] OpenRouter failed, trying fallback","requestId":{"context":"seed/utils"},"metadata":{"context":"seed/utils","error":"[OpenRouter] Circuit breaker open for openrouter"}}
{"timestamp":"2026-09-18T15:15:29.752Z","level":"error","message":"[LLMFallback] Generation failed","requestId":{"context":"seed/utils"},"metadata":{"context":"seed/utils","nicheSlug":"farming","error":"[OpenRouter] Circuit breaker open for openrouter"}}
{"timestamp":"2026-09-18T15:15:29.752Z","level":"error","message":"[LandingSSG] Failed to load content","requestId":{"context":"seed/utils"},"metadata":{"context":"seed/utils","niche":"farming","locale":"en","error":"Failed to generate landing page for \"farming\": [OpenRouter] Circuit breaker open for openrouter"}}
{"timestamp":"2026-09-18T15:15:29.753Z","level":"error","message":"[LandingPagesRepo] getBySlug failed","requestId":{"context":"seed/utils"},"metadata":{"context":"seed/utils","slug":"farming","error":"D1 binding not available"}}
{"timestamp":"2026-09-18T15:15:29.756Z","level":"error","message":"[LandingPagesRepo] getBySlug failed","requestId":{"context":"seed/utils"},"metadata":{"context":"seed/utils","slug":"farming","error":"D1 binding not available"}}
{"timestamp":"2026-09-18T15:15:29.757Z","level":"error","message":"[LandingPagesRepo] getBySlug failed","requestId":{"context":"seed/utils"},"metadata":{"context":"seed/utils","slug":"farming","error":"D1 binding not available"}}
[logger-fallback] {"timestamp":"2026-09-18T15:15:29.757Z","level":"warn","message":"[openrouter-client] OpenRouter failed, trying fallback","requestId":{"context":"seed/utils"},"metadata":{"context":"seed/utils","error":"[OpenRouter] Circuit breaker open for openrouter"}}
{"timestamp":"2026-09-18T15:15:29.757Z","level":"error","message":"[LLMFallback] Generation failed","requestId":{"context":"seed/utils"},"metadata":{"context":"seed/utils","nicheSlug":"farming","error":"[OpenRouter] Circuit breaker open for openrouter"}}
{"timestamp":"2026-09-18T15:15:29.757Z","level":"error","message":"[LandingSSG] Failed to load content","requestId":{"context":"seed/utils"},"metadata":{"context":"seed/utils","niche":"farming","locale":"vi","error":"Failed to generate landing page for \"farming\": [OpenRouter] Circuit breaker open for openrouter"}}
{"timestamp":"2026-09-18T15:15:29.758Z","level":"error","message":"[LandingPagesRepo] getBySlug failed","requestId":{"context":"seed/utils"},"metadata":{"context":"seed/utils","slug":"farming","error":"D1 binding not available"}}
{"timestamp":"2026-09-18T15:15:29.767Z","level":"error","message":"[LandingPagesRepo] getBySlug failed","requestId":{"context":"seed/utils"},"metadata":{"context":"seed/utils","slug":"financial-advisor","error":"D1 binding not available"}}
{"timestamp":"2026-09-18T15:15:29.769Z","level":"error","message":"[LandingPagesRepo] getBySlug failed","requestId":{"context":"seed/utils"},"metadata":{"context":"seed/utils","slug":"financial-advisor","error":"D1 binding not available"}}
[logger-fallback] {"timestamp":"2026-09-18T15:15:29.769Z","level":"warn","message":"[openrouter-client] OpenRouter failed, trying fallback","requestId":{"context":"seed/utils"},"metadata":{"context":"seed/utils","error":"[OpenRouter] Circuit breaker open for openrouter"}}
{"timestamp":"2026-09-18T15:15:29.769Z","level":"error","message":"[LLMFallback] Generation failed","requestId":{"context":"seed/utils"},"metadata":{"context":"seed/utils","nicheSlug":"financial-advisor","error":"[OpenRouter] Circuit breaker open for openrouter"}}
{"timestamp":"2026-09-18T15:15:29.770Z","level":"error","message":"[LandingSSG] Failed to load content","requestId":{"context":"seed/utils"},"metadata":{"context":"seed/utils","niche":"financial-advisor","locale":"en","error":"Failed to generate landing page for \"financial-advisor\": [OpenRouter] Circuit breaker open for openrouter"}}
{"timestamp":"2026-09-18T15:15:29.771Z","level":"error","message":"[LandingPagesRepo] getBySlug failed","requestId":{"context":"seed/utils"},"metadata":{"context":"seed/utils","slug":"financial-advisor","error":"D1 binding not available"}}
{"timestamp":"2026-09-18T15:15:29.774Z","level":"error","message":"[LandingPagesRepo] getBySlug failed","requestId":{"context":"seed/utils"},"metadata":{"context":"seed/utils","slug":"financial-advisor","error":"D1 binding not available"}}
{"timestamp":"2026-09-18T15:15:29.776Z","level":"error","message":"[LandingPagesRepo] getBySlug failed","requestId":{"context":"seed/utils"},"metadata":{"context":"seed/utils","slug":"financial-advisor","error":"D1 binding not available"}}
[logger-fallback] {"timestamp":"2026-09-18T15:15:29.776Z","level":"warn","message":"[openrouter-client] OpenRouter failed, trying fallback","requestId":{"context":"seed/utils"},"metadata":{"context":"seed/utils","error":"[OpenRouter] Circuit breaker open for openrouter"}}
{"timestamp":"2026-09-18T15:15:29.777Z","level":"error","message":"[LLMFallback] Generation failed","requestId":{"context":"seed/utils"},"metadata":{"context":"seed/utils","nicheSlug":"financial-advisor","error":"[OpenRouter] Circuit breaker open for openrouter"}}
{"timestamp":"2026-09-18T15:15:29.777Z","level":"error","message":"[LandingSSG] Failed to load content","requestId":{"context":"seed/utils"},"metadata":{"context":"seed/utils","niche":"financial-advisor","locale":"vi","error":"Failed to generate landing page for \"financial-advisor\": [OpenRouter] Circuit breaker open for openrouter"}}
{"timestamp":"2026-09-18T15:15:29.778Z","level":"error","message":"[LandingPagesRepo] getBySlug failed","requestId":{"context":"seed/utils"},"metadata":{"context":"seed/utils","slug":"financial-advisor","error":"D1 binding not available"}}
{"timestamp":"2026-09-18T15:15:29.787Z","level":"error","message":"[LandingPagesRepo] getBySlug failed","requestId":{"context":"seed/utils"},"metadata":{"context":"seed/utils","slug":"florist","error":"D1 binding not available"}}
{"timestamp":"2026-09-18T15:15:29.788Z","level":"error","message":"[LandingPagesRepo] getBySlug failed","requestId":{"context":"seed/utils"},"metadata":{"context":"seed/utils","slug":"florist","error":"D1 binding not available"}}
[logger-fallback] {"timestamp":"2026-09-18T15:15:29.789Z","level":"warn","message":"[openrouter-client] OpenRouter failed, trying fallback","requestId":{"context":"seed/utils"},"metadata":{"context":"seed/utils","error":"[OpenRouter] Circuit breaker open for openrouter"}}
{"timestamp":"2026-09-18T15:15:29.789Z","level":"error","message":"[LLMFallback] Generation failed","requestId":{"context":"seed/utils"},"metadata":{"context":"seed/utils","nicheSlug":"florist","error":"[OpenRouter] Circuit breaker open for openrouter"}}
{"timestamp":"2026-09-18T15:15:29.789Z","level":"error","message":"[LandingSSG] Failed to load content","requestId":{"context":"seed/utils"},"metadata":{"context":"seed/utils","niche":"florist","locale":"en","error":"Failed to generate landing page for \"florist\": [OpenRouter] Circuit breaker open for openrouter"}}
{"timestamp":"2026-09-18T15:15:29.790Z","level":"error","message":"[LandingPagesRepo] getBySlug failed","requestId":{"context":"seed/utils"},"metadata":{"context":"seed/utils","slug":"florist","error":"D1 binding not available"}}
{"timestamp":"2026-09-18T15:15:29.799Z","level":"error","message":"[LandingPagesRepo] getBySlug failed","requestId":{"context":"seed/utils"},"metadata":{"context":"seed/utils","slug":"florist","error":"D1 binding not available"}}
{"timestamp":"2026-09-18T15:15:29.800Z","level":"error","message":"[LandingPagesRepo] getBySlug failed","requestId":{"context":"seed/utils"},"metadata":{"context":"seed/utils","slug":"florist","error":"D1 binding not available"}}
[logger-fallback] {"timestamp":"2026-09-18T15:15:29.801Z","level":"warn","message":"[openrouter-client] OpenRouter failed, trying fallback","requestId":{"context":"seed/utils"},"metadata":{"context":"seed/utils","error":"[OpenRouter] Circuit breaker open for openrouter"}}
{"timestamp":"2026-09-18T15:15:29.801Z","level":"error","message":"[LLMFallback] Generation failed","requestId":{"context":"seed/utils"},"metadata":{"context":"seed/utils","nicheSlug":"florist","error":"[OpenRouter] Circuit breaker open for openrouter"}}
{"timestamp":"2026-09-18T15:15:29.801Z","level":"error","message":"[LandingSSG] Failed to load content","requestId":{"context":"seed/utils"},"metadata":{"context":"seed/utils","niche":"florist","locale":"vi","error":"Failed to generate landing page for \"florist\": [OpenRouter] Circuit breaker open for openrouter"}}
{"timestamp":"2026-09-18T15:15:29.802Z","level":"error","message":"[LandingPagesRepo] getBySlug failed","requestId":{"context":"seed/utils"},"metadata":{"context":"seed/utils","slug":"florist","error":"D1 binding not available"}}
{"timestamp":"2026-09-18T15:15:29.807Z","level":"error","message":"[LandingPagesRepo] getBySlug failed","requestId":{"context":"seed/utils"},"metadata":{"context":"seed/utils","slug":"furniture","error":"D1 binding not available"}}
{"timestamp":"2026-09-18T15:15:29.808Z","level":"error","message":"[LandingPagesRepo] getBySlug failed","requestId":{"context":"seed/utils"},"metadata":{"context":"seed/utils","slug":"furniture","error":"D1 binding not available"}}
[logger-fallback] {"timestamp":"2026-09-18T15:15:29.809Z","level":"warn","message":"[openrouter-client] OpenRouter failed, trying fallback","requestId":{"context":"seed/utils"},"metadata":{"context":"seed/utils","error":"[OpenRouter] Circuit breaker open for openrouter"}}
{"timestamp":"2026-09-18T15:15:29.809Z","level":"error","message":"[LLMFallback] Generation failed","requestId":{"context":"seed/utils"},"metadata":{"context":"seed/utils","nicheSlug":"furniture","error":"[OpenRouter] Circuit breaker open for openrouter"}}
{"timestamp":"2026-09-18T15:15:29.809Z","level":"error","message":"[LandingSSG] Failed to load content","requestId":{"context":"seed/utils"},"metadata":{"context":"seed/utils","niche":"furniture","locale":"en","error":"Failed to generate landing page for \"furniture\": [OpenRouter] Circuit breaker open for openrouter"}}
{"timestamp":"2026-09-18T15:15:29.810Z","level":"error","message":"[LandingPagesRepo] getBySlug failed","requestId":{"context":"seed/utils"},"metadata":{"context":"seed/utils","slug":"furniture","error":"D1 binding not available"}}
{"timestamp":"2026-09-18T15:15:29.812Z","level":"error","message":"[LandingPagesRepo] getBySlug failed","requestId":{"context":"seed/utils"},"metadata":{"context":"seed/utils","slug":"furniture","error":"D1 binding not available"}}
{"timestamp":"2026-09-18T15:15:29.813Z","level":"error","message":"[LandingPagesRepo] getBySlug failed","requestId":{"context":"seed/utils"},"metadata":{"context":"seed/utils","slug":"furniture","error":"D1 binding not available"}}
[logger-fallback] {"timestamp":"2026-09-18T15:15:29.813Z","level":"warn","message":"[openrouter-client] OpenRouter failed, trying fallback","requestId":{"context":"seed/utils"},"metadata":{"context":"seed/utils","error":"[OpenRouter] Circuit breaker open for openrouter"}}
{"timestamp":"2026-09-18T15:15:29.814Z","level":"error","message":"[LLMFallback] Generation failed","requestId":{"context":"seed/utils"},"metadata":{"context":"seed/utils","nicheSlug":"furniture","error":"[OpenRouter] Circuit breaker open for openrouter"}}
{"timestamp":"2026-09-18T15:15:29.814Z","level":"error","message":"[LandingSSG] Failed to load content","requestId":{"context":"seed/utils"},"metadata":{"context":"seed/utils","niche":"furniture","locale":"vi","error":"Failed to generate landing page for \"furniture\": [OpenRouter] Circuit breaker open for openrouter"}}
{"timestamp":"2026-09-18T15:15:29.814Z","level":"error","message":"[LandingPagesRepo] getBySlug failed","requestId":{"context":"seed/utils"},"metadata":{"context":"seed/utils","slug":"furniture","error":"D1 binding not available"}}
{"timestamp":"2026-09-18T15:15:29.822Z","level":"error","message":"[LandingPagesRepo] getBySlug failed","requestId":{"context":"seed/utils"},"metadata":{"context":"seed/utils","slug":"hair-salon","error":"D1 binding not available"}}
{"timestamp":"2026-09-18T15:15:29.823Z","level":"error","message":"[LandingPagesRepo] getBySlug failed","requestId":{"context":"seed/utils"},"metadata":{"context":"seed/utils","slug":"hair-salon","error":"D1 binding not available"}}
[logger-fallback] {"timestamp":"2026-09-18T15:15:29.823Z","level":"warn","message":"[openrouter-client] OpenRouter failed, trying fallback","requestId":{"context":"seed/utils"},"metadata":{"context":"seed/utils","error":"[OpenRouter] Circuit breaker open for openrouter"}}
{"timestamp":"2026-09-18T15:15:29.823Z","level":"error","message":"[LLMFallback] Generation failed","requestId":{"context":"seed/utils"},"metadata":{"context":"seed/utils","nicheSlug":"hair-salon","error":"[OpenRouter] Circuit breaker open for openrouter"}}
{"timestamp":"2026-09-18T15:15:29.823Z","level":"error","message":"[LandingSSG] Failed to load content","requestId":{"context":"seed/utils"},"metadata":{"context":"seed/utils","niche":"hair-salon","locale":"en","error":"Failed to generate landing page for \"hair-salon\": [OpenRouter] Circuit breaker open for openrouter"}}
{"timestamp":"2026-09-18T15:15:29.824Z","level":"error","message":"[LandingPagesRepo] getBySlug failed","requestId":{"context":"seed/utils"},"metadata":{"context":"seed/utils","slug":"hair-salon","error":"D1 binding not available"}}
{"timestamp":"2026-09-18T15:15:29.826Z","level":"error","message":"[LandingPagesRepo] getBySlug failed","requestId":{"context":"seed/utils"},"metadata":{"context":"seed/utils","slug":"hair-salon","error":"D1 binding not available"}}
{"timestamp":"2026-09-18T15:15:29.827Z","level":"error","message":"[LandingPagesRepo] getBySlug failed","requestId":{"context":"seed/utils"},"metadata":{"context":"seed/utils","slug":"hair-salon","error":"D1 binding not available"}}
[logger-fallback] {"timestamp":"2026-09-18T15:15:29.827Z","level":"warn","message":"[openrouter-client] OpenRouter failed, trying fallback","requestId":{"context":"seed/utils"},"metadata":{"context":"seed/utils","error":"[OpenRouter] Circuit breaker open for openrouter"}}
{"timestamp":"2026-09-18T15:15:29.827Z","level":"error","message":"[LLMFallback] Generation failed","requestId":{"context":"seed/utils"},"metadata":{"context":"seed/utils","nicheSlug":"hair-salon","error":"[OpenRouter] Circuit breaker open for openrouter"}}
{"timestamp":"2026-09-18T15:15:29.828Z","level":"error","message":"[LandingSSG] Failed to load content","requestId":{"context":"seed/utils"},"metadata":{"context":"seed/utils","niche":"hair-salon","locale":"vi","error":"Failed to generate landing page for \"hair-salon\": [OpenRouter] Circuit breaker open for openrouter"}}
{"timestamp":"2026-09-18T15:15:29.828Z","level":"error","message":"[LandingPagesRepo] getBySlug failed","requestId":{"context":"seed/utils"},"metadata":{"context":"seed/utils","slug":"hair-salon","error":"D1 binding not available"}}
{"timestamp":"2026-09-18T15:15:29.834Z","level":"error","message":"[LandingPagesRepo] getBySlug failed","requestId":{"context":"seed/utils"},"metadata":{"context":"seed/utils","slug":"interior-design","error":"D1 binding not available"}}
{"timestamp":"2026-09-18T15:15:29.835Z","level":"error","message":"[LandingPagesRepo] getBySlug failed","requestId":{"context":"seed/utils"},"metadata":{"context":"seed/utils","slug":"interior-design","error":"D1 binding not available"}}
[logger-fallback] {"timestamp":"2026-09-18T15:15:29.835Z","level":"warn","message":"[openrouter-client] OpenRouter failed, trying fallback","requestId":{"context":"seed/utils"},"metadata":{"context":"seed/utils","error":"[OpenRouter] Circuit breaker open for openrouter"}}
{"timestamp":"2026-09-18T15:15:29.835Z","level":"error","message":"[LLMFallback] Generation failed","requestId":{"context":"seed/utils"},"metadata":{"context":"seed/utils","nicheSlug":"interior-design","error":"[OpenRouter] Circuit breaker open for openrouter"}}
{"timestamp":"2026-09-18T15:15:29.835Z","level":"error","message":"[LandingSSG] Failed to load content","requestId":{"context":"seed/utils"},"metadata":{"context":"seed/utils","niche":"interior-design","locale":"en","error":"Failed to generate landing page for \"interior-design\": [OpenRouter] Circuit breaker open for openrouter"}}
{"timestamp":"2026-09-18T15:15:29.836Z","level":"error","message":"[LandingPagesRepo] getBySlug failed","requestId":{"context":"seed/utils"},"metadata":{"context":"seed/utils","slug":"interior-design","error":"D1 binding not available"}}
{"timestamp":"2026-09-18T15:15:29.838Z","level":"error","message":"[LandingPagesRepo] getBySlug failed","requestId":{"context":"seed/utils"},"metadata":{"context":"seed/utils","slug":"interior-design","error":"D1 binding not available"}}
{"timestamp":"2026-09-18T15:15:29.839Z","level":"error","message":"[LandingPagesRepo] getBySlug failed","requestId":{"context":"seed/utils"},"metadata":{"context":"seed/utils","slug":"interior-design","error":"D1 binding not available"}}
[logger-fallback] {"timestamp":"2026-09-18T15:15:29.839Z","level":"warn","message":"[openrouter-client] OpenRouter failed, trying fallback","requestId":{"context":"seed/utils"},"metadata":{"context":"seed/utils","error":"[OpenRouter] Circuit breaker open for openrouter"}}
{"timestamp":"2026-09-18T15:15:29.839Z","level":"error","message":"[LLMFallback] Generation failed","requestId":{"context":"seed/utils"},"metadata":{"context":"seed/utils","nicheSlug":"interior-design","error":"[OpenRouter] Circuit breaker open for openrouter"}}
{"timestamp":"2026-09-18T15:15:29.839Z","level":"error","message":"[LandingSSG] Failed to load content","requestId":{"context":"seed/utils"},"metadata":{"context":"seed/utils","niche":"interior-design","locale":"vi","error":"Failed to generate landing page for \"interior-design\": [OpenRouter] Circuit breaker open for openrouter"}}
{"timestamp":"2026-09-18T15:15:29.840Z","level":"error","message":"[LandingPagesRepo] getBySlug failed","requestId":{"context":"seed/utils"},"metadata":{"context":"seed/utils","slug":"interior-design","error":"D1 binding not available"}}
{"timestamp":"2026-09-18T15:15:29.846Z","level":"error","message":"[LandingPagesRepo] getBySlug failed","requestId":{"context":"seed/utils"},"metadata":{"context":"seed/utils","slug":"jewelry","error":"D1 binding not available"}}
{"timestamp":"2026-09-18T15:15:29.847Z","level":"error","message":"[LandingPagesRepo] getBySlug failed","requestId":{"context":"seed/utils"},"metadata":{"context":"seed/utils","slug":"jewelry","error":"D1 binding not available"}}
[logger-fallback] {"timestamp":"2026-09-18T15:15:29.847Z","level":"warn","message":"[openrouter-client] OpenRouter failed, trying fallback","requestId":{"context":"seed/utils"},"metadata":{"context":"seed/utils","error":"[OpenRouter] Circuit breaker open for openrouter"}}
{"timestamp":"2026-09-18T15:15:29.847Z","level":"error","message":"[LLMFallback] Generation failed","requestId":{"context":"seed/utils"},"metadata":{"context":"seed/utils","nicheSlug":"jewelry","error":"[OpenRouter] Circuit breaker open for openrouter"}}
{"timestamp":"2026-09-18T15:15:29.847Z","level":"error","message":"[LandingSSG] Failed to load content","requestId":{"context":"seed/utils"},"metadata":{"context":"seed/utils","niche":"jewelry","locale":"en","error":"Failed to generate landing page for \"jewelry\": [OpenRouter] Circuit breaker open for openrouter"}}
{"timestamp":"2026-09-18T15:15:29.848Z","level":"error","message":"[LandingPagesRepo] getBySlug failed","requestId":{"context":"seed/utils"},"metadata":{"context":"seed/utils","slug":"jewelry","error":"D1 binding not available"}}
{"timestamp":"2026-09-18T15:15:29.853Z","level":"error","message":"[LandingPagesRepo] getBySlug failed","requestId":{"context":"seed/utils"},"metadata":{"context":"seed/utils","slug":"landscaping","error":"D1 binding not available"}}
{"timestamp":"2026-09-18T15:15:29.854Z","level":"error","message":"[LandingPagesRepo] getBySlug failed","requestId":{"context":"seed/utils"},"metadata":{"context":"seed/utils","slug":"landscaping","error":"D1 binding not available"}}
[logger-fallback] {"timestamp":"2026-09-18T15:15:29.855Z","level":"warn","message":"[openrouter-client] OpenRouter failed, trying fallback","requestId":{"context":"seed/utils"},"metadata":{"context":"seed/utils","error":"[OpenRouter] Circuit breaker open for openrouter"}}
{"timestamp":"2026-09-18T15:15:29.855Z","level":"error","message":"[LLMFallback] Generation failed","requestId":{"context":"seed/utils"},"metadata":{"context":"seed/utils","nicheSlug":"landscaping","error":"[OpenRouter] Circuit breaker open for openrouter"}}
{"timestamp":"2026-09-18T15:15:29.855Z","level":"error","message":"[LandingSSG] Failed to load content","requestId":{"context":"seed/utils"},"metadata":{"context":"seed/utils","niche":"landscaping","locale":"en","error":"Failed to generate landing page for \"landscaping\": [OpenRouter] Circuit breaker open for openrouter"}}
{"timestamp":"2026-09-18T15:15:29.856Z","level":"error","message":"[LandingPagesRepo] getBySlug failed","requestId":{"context":"seed/utils"},"metadata":{"context":"seed/utils","slug":"landscaping","error":"D1 binding not available"}}
{"timestamp":"2026-09-18T15:15:29.860Z","level":"error","message":"[LandingPagesRepo] getBySlug failed","requestId":{"context":"seed/utils"},"metadata":{"context":"seed/utils","slug":"jewelry","error":"D1 binding not available"}}
{"timestamp":"2026-09-18T15:15:29.860Z","level":"error","message":"[LandingPagesRepo] getBySlug failed","requestId":{"context":"seed/utils"},"metadata":{"context":"seed/utils","slug":"jewelry","error":"D1 binding not available"}}
[logger-fallback] {"timestamp":"2026-09-18T15:15:29.861Z","level":"warn","message":"[openrouter-client] OpenRouter failed, trying fallback","requestId":{"context":"seed/utils"},"metadata":{"context":"seed/utils","error":"[OpenRouter] Circuit breaker open for openrouter"}}
{"timestamp":"2026-09-18T15:15:29.861Z","level":"error","message":"[LLMFallback] Generation failed","requestId":{"context":"seed/utils"},"metadata":{"context":"seed/utils","nicheSlug":"jewelry","error":"[OpenRouter] Circuit breaker open for openrouter"}}
{"timestamp":"2026-09-18T15:15:29.861Z","level":"error","message":"[LandingSSG] Failed to load content","requestId":{"context":"seed/utils"},"metadata":{"context":"seed/utils","niche":"jewelry","locale":"vi","error":"Failed to generate landing page for \"jewelry\": [OpenRouter] Circuit breaker open for openrouter"}}
{"timestamp":"2026-09-18T15:15:29.862Z","level":"error","message":"[LandingPagesRepo] getBySlug failed","requestId":{"context":"seed/utils"},"metadata":{"context":"seed/utils","slug":"jewelry","error":"D1 binding not available"}}
✓ Generating static pages using 9 workers (279/279) in 2.4s
Turbopack build encountered 1 warning:
./src/app/api/cron/hash-chain-verification/route.ts:63:20
Warning: Module not found: Can't resolve ('scripts/audit/verify-hash-chain.mjs' | <dynamic>)
  [90m61 |[0m
  [90m62 |[0m     [90m// Run the verification script[0m
[33m[1m>[0m [90m63 |[0m     [36mconst[0m result = spawnSync(
  [90m   |[0m                    [33m[1m^^^^^^^^^[0m
[33m[1m>[0m [90m64 |[0m       [32m'node'[0m,
  [90m   |[0m [33m[1m^^^^^^^^^^^^^[0m
[33m[1m>[0m [90m65 |[0m       [[32m'scripts/audit/verify-hash-chain.mjs'[0m, [32m'--since'[0m, [32m'30 days ago'[0m],
  [90m   |[0m [33m[1m^^^^^^^^^^^^^^^^^^^^^^^^^^^^^^^^^^^^^^^^^^^^^^^^^^^^^^^^^^^^^^^^^^^^^^^^[0m
[33m[1m>[0m [90m66 |[0m       {
  [90m   |[0m [33m[1m^^^^^^^[0m
[33m[1m>[0m [90m67 |[0m         encoding: [32m'utf-8'[0m,
  [90m   |[0m [33m[1m^^^^^^^^^^^^^^^^^^^^^^^^^^[0m
[33m[1m>[0m [90m68 |[0m         stdio: [32m'pipe'[0m,
  [90m   |[0m [33m[1m^^^^^^^^^^^^^^^^^^^^^^[0m
[33m[1m>[0m [90m69 |[0m         cwd: process.cwd(),
  [90m   |[0m [33m[1m^^^^^^^^^^^^^^^^^^^^^^^^^^^[0m
[33m[1m>[0m [90m70 |[0m       }
  [90m   |[0m [33m[1m^^^^^^^[0m
[33m[1m>[0m [90m71 |[0m     );
  [90m   |[0m [33m[1m^^^^^[0m
  [90m72 |[0m
  [90m73 |[0m     [36mconst[0m stdout = result.stdout || [32m''[0m;
  [90m74 |[0m     [36mconst[0m stderr = result.stderr || [32m''[0m;



https://nextjs.org/docs/messages/module-not-found


  Finalizing page optimization ...

Route (app)                                                     Revalidate  Expire
┌ ○ /_not-found
├ ƒ /[locale]
├ ƒ /[locale]/[...rest]
├ ƒ /[locale]/affiliate
├ ƒ /[locale]/ai-video
├ ƒ /[locale]/ai-video/[niche]
├ ○ /[locale]/benchmarks
├ ○ /[locale]/blog
├ ƒ /[locale]/checkout/failure
├ ƒ /[locale]/contact
├ ƒ /[locale]/dashboard
├ ƒ /[locale]/dashboard/approvals
├ ƒ /[locale]/dashboard/creative-economy
├ ƒ /[locale]/dashboard/missions
├ ƒ /[locale]/dashboard/missions/[id]
├ ƒ /[locale]/dashboard/missions/[id]/rollback
├ ƒ /[locale]/dashboard/missions/new
├ ƒ /[locale]/dashboard/monetization
├ ƒ /[locale]/dashboard/publish/queue
├ ƒ /[locale]/dashboard/reality-loop
├ ƒ /[locale]/dashboard/settings/autonomy
├ ƒ /[locale]/dashboard/setup/whatsapp-templates
├ ƒ /[locale]/dashboard/system-health
├ ƒ /[locale]/dashboard/youtube
├ ƒ /[locale]/dashboard/youtube/analytics
├ ƒ /[locale]/dashboard/youtube/calendar
├ ƒ /[locale]/dashboard/youtube/learnings
├ ƒ /[locale]/dashboard/youtube/scripts
├ ƒ /[locale]/dashboard/youtube/strategy
├ ƒ /[locale]/features
├ ○ /[locale]/guide
├ ƒ /[locale]/login
├ ƒ /[locale]/operations
├ ƒ /[locale]/payment-success
├ ƒ /[locale]/payments
├ ƒ /[locale]/pricing
├ ƒ /[locale]/privacy
├ ƒ /[locale]/products
├ ƒ /[locale]/register
├ ƒ /[locale]/reset-password
├ ƒ /[locale]/settings
├ ƒ /[locale]/settings/system-health
├ ƒ /[locale]/settings/usage
├ ƒ /[locale]/setup
├ ƒ /[locale]/setup-wizard
├ ƒ /[locale]/signup
├ ƒ /[locale]/sop-marketplace
├ ƒ /[locale]/terms
├ ƒ /[locale]/welcome/[token]
├ ƒ /admin
├ ƒ /affiliate-portal
├ ƒ /affiliates
├ ƒ /api/account
├ ƒ /api/account/change-email
├ ƒ /api/account/change-email/verify
├ ƒ /api/account/delete/confirm
├ ƒ /api/account/delete/request
├ ƒ /api/account/delete/status
├ ƒ /api/account/export
├ ƒ /api/admin/actions
├ ƒ /api/admin/affiliate-leaderboard
├ ƒ /api/admin/api-key-usage
├ ƒ /api/admin/api-keys
├ ƒ /api/admin/api-keys/[id]
├ ƒ /api/admin/audit-log
├ ƒ /api/admin/billing/summary
├ ƒ /api/admin/board-pack
├ ƒ /api/admin/board-pack/[id]
├ ƒ /api/admin/byok-audit
├ ƒ /api/admin/circuit-breaker/reset
├ ƒ /api/admin/cost
├ ƒ /api/admin/crons
├ ƒ /api/admin/deploy-guard/approvals/[id]
├ ƒ /api/admin/deploy-guard/attest
├ ƒ /api/admin/deploy-guard/create-approval
├ ƒ /api/admin/deploy-guard/history
├ ƒ /api/admin/deploy-guard/override
├ ƒ /api/admin/deploy-guard/pending
├ ƒ /api/admin/deploy-guard/reject
├ ƒ /api/admin/deploy-status
├ ƒ /api/admin/dlq/reconciliation
├ ƒ /api/admin/dlq/replay
├ ƒ /api/admin/email-outbox
├ ƒ /api/admin/finance/report
├ ƒ /api/admin/funnel
├ ƒ /api/admin/go-live-status
├ ƒ /api/admin/handover/[id]
├ ƒ /api/admin/handover/[id]/resend-welcome
├ ƒ /api/admin/handover/create
├ ƒ /api/admin/handover/customer-status
├ ƒ /api/admin/handover/list
├ ƒ /api/admin/heygen/list-webhooks
├ ƒ /api/admin/honeycomb/test
├ ƒ /api/admin/invite
├ ƒ /api/admin/keys/rotate
├ ƒ /api/admin/landing-pages
├ ƒ /api/admin/landing-pages/[slug]
├ ƒ /api/admin/llm-cache-stats
├ ƒ /api/admin/llm-trace-stats
├ ƒ /api/admin/migrations
├ ƒ /api/admin/migrations/[filename]/mark-applied
├ ƒ /api/admin/ops/snapshot
├ ƒ /api/admin/orgs/[orgId]/quota
├ ƒ /api/admin/payouts/mark-paid
├ ƒ /api/admin/payouts/queue
├ ƒ /api/admin/platform-config
├ ƒ /api/admin/pricing/list
├ ƒ /api/admin/pricing/update
├ ƒ /api/admin/promo-codes
├ ƒ /api/admin/promo-codes/[id]/redemptions
├ ƒ /api/admin/promo-codes/[id]/status
├ ƒ /api/admin/promo-codes/bulk-generate
├ ƒ /api/admin/promo-codes/create
├ ƒ /api/admin/promo-codes/list
├ ƒ /api/admin/quota/mark-billable
├ ƒ /api/admin/quota/overage-summary
├ ƒ /api/admin/refunds
├ ƒ /api/admin/refunds/[id]
├ ƒ /api/admin/refunds/[id]/mark-refunded
├ ƒ /api/admin/run-synthetic-fulfillment
├ ƒ /api/admin/storage
├ ƒ /api/admin/synthetic-ipn
├ ƒ /api/admin/tenant-lookup
├ ƒ /api/admin/tenants/[id]/costs
├ ƒ /api/admin/tenants/[id]/quota
├ ƒ /api/admin/users/[id]
├ ƒ /api/admin/video-render-benchmark
├ ƒ /api/admin/webhook-deliveries
├ ƒ /api/affiliate-discovery
├ ƒ /api/affiliate/clicks
├ ƒ /api/affiliate/conversions
├ ƒ /api/affiliate/conversions/csv
├ ƒ /api/affiliate/earnings
├ ƒ /api/affiliate/payout-method
├ ƒ /api/affiliate/payouts
├ ƒ /api/affiliate/promo-assets
├ ƒ /api/affiliates/convert-to-campaign
├ ƒ /api/agent-runs/[id]
├ ƒ /api/agents/feedback
├ ƒ /api/agents/list
├ ƒ /api/agents/pause
├ ƒ /api/agents/status/[id]
├ ƒ /api/agents/stream
├ ƒ /api/agents/task
├ ƒ /api/agents/team
├ ƒ /api/agents/team/create
├ ƒ /api/agents/team/delete
├ ƒ /api/agents/team/update
├ ƒ /api/alerts/history
├ ƒ /api/alerts/preferences
├ ƒ /api/alerts/rules
├ ƒ /api/alerts/test
├ ƒ /api/analytics/agent-performance
├ ƒ /api/analytics/cohorts
├ ƒ /api/analytics/content-roi
├ ƒ /api/analytics/cross-channel
├ ƒ /api/analytics/export
├ ƒ /api/analytics/realtime
├ ƒ /api/analytics/revenue
├ ƒ /api/analytics/revenue-unified
├ ƒ /api/analytics/roi
├ ƒ /api/analytics/usage
├ ƒ /api/approvals
├ ƒ /api/approvals/[id]
├ ƒ /api/audit
├ ƒ /api/auth/[...all]
├ ƒ /api/auth/admin-challenge
├ ƒ /api/auth/callback
├ ƒ /api/auth/login
├ ƒ /api/auth/logout
├ ƒ /api/auth/mfa/challenge
├ ƒ /api/auth/mfa/disable
├ ƒ /api/auth/mfa/setup
├ ƒ /api/auth/mfa/status
├ ƒ /api/auth/mfa/verify
├ ƒ /api/auth/reset-password/confirm
├ ƒ /api/auth/reset-password/request
├ ƒ /api/auth/session
├ ƒ /api/auth/sign-in
├ ƒ /api/auth/sign-in/email
├ ƒ /api/auth/sign-up
├ ƒ /api/auth/signup
├ ƒ /api/auth/tiktok/callback
├ ƒ /api/auth/youtube/callback
├ ƒ /api/auth/youtube/disconnect
├ ƒ /api/autonomy
├ ƒ /api/branding
├ ƒ /api/campaigns
├ ƒ /api/canary/webhook
├ ƒ /api/check-access
├ ƒ /api/checkout
├ ƒ /api/checkout/status
├ ƒ /api/connect/onboard
├ ƒ /api/content-graph
├ ƒ /api/content-graph/[id]
├ ƒ /api/content-graph/asset
├ ƒ /api/content-graph/cross-platform
├ ƒ /api/content-graph/derivative
├ ƒ /api/content-graph/lineage
├ ƒ /api/content-graph/performance
├ ƒ /api/coupons/activate
├ ƒ /api/coupons/activate-redirect
├ ƒ /api/coupons/apply
├ ƒ /api/creative-identity
├ ƒ /api/creative-intelligence/hook-dna
├ ƒ /api/creative-intelligence/trend-matrix
├ ƒ /api/creative-memory
├ ƒ /api/creative-memory/[id]
├ ƒ /api/creative-memory/[id]/correct
├ ƒ /api/creative-memory/experiments
├ ƒ /api/creative-memory/strategy-feedback
├ ƒ /api/creative-memory/velocity
├ ƒ /api/creative-missions
├ ƒ /api/creative-missions/[id]
├ ƒ /api/creative-studio/scripts/templates
├ ƒ /api/cron/ab-winner-picker
├ ƒ /api/cron/affiliate-scout
├ ƒ /api/cron/agent-cost-overrun-scan
├ ƒ /api/cron/billing-anomaly-scan
├ ƒ /api/cron/circuit-breaker-scan
├ ƒ /api/cron/clearance-promote
├ ƒ /api/cron/creative-quality-drift-scan
├ ƒ /api/cron/d1-backup
├ ƒ /api/cron/daily-rollup
├ ƒ /api/cron/distribution-pipeline-scan
├ ƒ /api/cron/dlq-retry
├ ƒ /api/cron/dunning-advance
├ ƒ /api/cron/email-drip
├ ƒ /api/cron/email-outbox-flush
├ ƒ /api/cron/error-digest
├ ƒ /api/cron/fulfillment-reconcile
├ ƒ /api/cron/fulfillment-retry
├ ƒ /api/cron/handover-status-sync
├ ƒ /api/cron/hash-chain-verification
├ ƒ /api/cron/heartbeat
├ ƒ /api/cron/hourly-rollup
├ ƒ /api/cron/llm-cache-purge
├ ƒ /api/cron/mcu-monthly-reset
├ ƒ /api/cron/memory-consolidation
├ ƒ /api/cron/mission-abandon-scan
├ ƒ /api/cron/mission-reaper
├ ƒ /api/cron/onboarding-check
├ ƒ /api/cron/pending-orders-cleanup
├ ƒ /api/cron/promo-cleanup
├ ƒ /api/cron/promo-trial-expiry
├ ƒ /api/cron/quota-check
├ ƒ /api/cron/reset-quotas
├ ƒ /api/cron/scheduled-campaigns
├ ƒ /api/cron/slo-burn-rate
├ ƒ /api/cron/smoke-one-time
├ ƒ /api/cron/sop-scheduler
├ ƒ /api/cron/status-rollup
├ ƒ /api/cron/subscription-reminders
├ ƒ /api/cron/uptime-check
├ ƒ /api/cron/video-status-sync
├ ƒ /api/cron/wallet-rebuild
├ ƒ /api/cron/weekly-signals-digest
├ ƒ /api/cron/workflow-stepper
├ ƒ /api/csp-report
├ ƒ /api/debug-symbols/[commit]/[...path]
├ ƒ /api/dev/sentry-test
├ ƒ /api/discovery/score
├ ƒ /api/discovery/search
├ ƒ /api/discovery/top-50
├ ƒ /api/discovery/validate-link
├ ƒ /api/distribution
├ ƒ /api/distribution/[id]
├ ƒ /api/distribution/asset
├ ƒ /api/errors/report
├ ƒ /api/funnel
├ ƒ /api/graphql/analytics
├ ƒ /api/graphs/[type]
├ ƒ /api/handover/me
├ ƒ /api/health
├ ƒ /api/heygen/avatars
├ ƒ /api/heygen/status/[id]
├ ƒ /api/heygen/voices
├ ƒ /api/ingestion/trigger
├ ƒ /api/inngest
├ ƒ /api/intelligence/score
├ ƒ /api/internal/render-py
├ ƒ /api/internal/runpod-status
├ ƒ /api/internal/runpod-trigger
├ ƒ /api/internal/tts
├ ƒ /api/ip-graph
├ ƒ /api/ip-graph/[id]
├ ƒ /api/ip-graph/[id]/children
├ ƒ /api/learning
├ ƒ /api/media/generate
├ ƒ /api/media/status
├ ƒ /api/metrics
├ ƒ /api/mission
├ ƒ /api/mission/[id]
├ ƒ /api/mission/[id]/approvals
├ ƒ /api/mission/[id]/spend
├ ƒ /api/mission/metrics
├ ƒ /api/missions/auto-video
├ ƒ /api/monetization
├ ƒ /api/oauth/bluesky/connect
├ ƒ /api/oauth/facebook/callback
├ ƒ /api/oauth/facebook/connect
├ ƒ /api/oauth/instagram/callback
├ ƒ /api/oauth/instagram/connect
├ ƒ /api/oauth/linkedin
├ ƒ /api/oauth/linkedin/callback
├ ƒ /api/oauth/mastodon/callback
├ ƒ /api/oauth/mastodon/connect
├ ƒ /api/oauth/pinterest
├ ƒ /api/oauth/pinterest/callback
├ ƒ /api/oauth/reddit/callback
├ ƒ /api/oauth/reddit/connect
├ ƒ /api/oauth/threads/callback
├ ƒ /api/oauth/threads/connect
├ ƒ /api/oauth/tiktok/callback
├ ƒ /api/oauth/tiktok/connect
├ ƒ /api/oauth/twitter/callback
├ ƒ /api/oauth/twitter/connect
├ ƒ /api/oauth/youtube/callback
├ ƒ /api/oauth/youtube/connect
├ ƒ /api/oauth/zalo
├ ƒ /api/oauth/zalo/callback
├ ƒ /api/offers/sync/[network]
├ ƒ /api/offers/trending
├ ƒ /api/onboarding
├ ○ /api/openapi
├ ƒ /api/openclaw/exchange
├ ƒ /api/orders
├ ƒ /api/payments/one-time-checkout
├ ƒ /api/payos
├ ƒ /api/payos/ipn
├ ƒ /api/performance/aggregates
├ ƒ /api/performance/events
├ ƒ /api/postback/[network]
├ ƒ /api/production-graph-runs/[id]
├ ƒ /api/promo/redeem-free
├ ƒ /api/promo/validate
├ ƒ /api/proposals
├ ƒ /api/provenance
├ ƒ /api/public/landing-pages/[slug]
├ ƒ /api/publish/approve
├ ƒ /api/publish/channels
├ ƒ /api/publish/queue
├ ƒ /api/publish/quick-schedule
├ ƒ /api/publish/retry
├ ƒ /api/publish/schedule
├ ƒ /api/publish/status/[jobId]
├ ƒ /api/quota/overage-events
├ ƒ /api/r/[code]
├ ƒ /api/reality-loop/feedback
├ ƒ /api/reality-loop/health
├ ƒ /api/realtime/alerts
├ ƒ /api/referral/apply
├ ƒ /api/referral/generate
├ ƒ /api/refund-requests/create
├ ƒ /api/repurpose/jobs
├ ƒ /api/roi
├ ƒ /api/rollback
├ ƒ /api/rollback/history/[missionId]
├ ƒ /api/schedule
├ ƒ /api/scripts/generate
├ ƒ /api/scripts/seo
├ ƒ /api/sdk/quickstart
├ ƒ /api/sdk/typescript
├ ƒ /api/setup-wizard/heygen/auto-register
├ ƒ /api/setup-wizard/list-credentials
├ ƒ /api/setup-wizard/readiness
├ ƒ /api/setup-wizard/save-credentials
├ ƒ /api/setup-wizard/save-whatsapp-credentials
├ ƒ /api/setup-wizard/test-heygen
├ ƒ /api/setup-wizard/test-resend
├ ƒ /api/setup-wizard/validate-key
├ ƒ /api/setup/save
├ ƒ /api/setup/skip
├ ƒ /api/setup/verify
├ ƒ /api/signals/experiments
├ ƒ /api/signals/flag
├ ƒ /api/signals/track
├ ƒ /api/sop-marketplace
├ ƒ /api/sop-marketplace/review
├ ƒ /api/sop/install
├ ƒ /api/sop/installations
├ ƒ /api/sop/installations/[id]
├ ƒ /api/sop/installations/[id]/customizations
├ ƒ /api/sop/installations/[id]/regen-secret
├ ƒ /api/sop/installations/[id]/run
├ ƒ /api/sop/installations/[id]/toggle
├ ƒ /api/sop/runs/[runId]
├ ƒ /api/sop/templates
├ ƒ /api/sop/templates/[slug]
├ ƒ /api/sophia-index/health
├ ƒ /api/stats/live
├ ƒ /api/status.json
├ ƒ /api/stream/campaigns/[id]
├ ƒ /api/support/tickets
├ ƒ /api/track/[id]
├ ƒ /api/translate
├ ƒ /api/user/audit-logs
├ ƒ /api/user/billing-history
├ ƒ /api/user/byok
├ ƒ /api/user/byok/test
├ ƒ /api/user/cancel-subscription
├ ƒ /api/user/integrations
├ ƒ /api/user/profile
├ ƒ /api/user/wallet
├ ƒ /api/v1/advisor/revenue
├ ƒ /api/v1/agent-chat
├ ƒ /api/v1/agi/agents
├ ƒ /api/v1/agi/confidence
├ ƒ /api/v1/agi/outcomes
├ ƒ /api/v1/api-keys
├ ƒ /api/v1/api-keys/[id]
├ ƒ /api/v1/api-keys/[id]/rotate
├ ƒ /api/v1/branding/upload
├ ƒ /api/v1/campaigns/create
├ ƒ /api/v1/creative-studio/economics
├ ƒ /api/v1/creative-studio/images
├ ƒ /api/v1/creative-studio/images/[id]/status
├ ƒ /api/v1/creative-studio/images/generate
├ ƒ /api/v1/credits
├ ƒ /api/v1/dashboard/mission-control
├ ƒ /api/v1/distribute/jobs/[videoId]/status
├ ƒ /api/v1/factory/url-to-revenue
├ ƒ /api/v1/factory/url-to-revenue/[jobId]
├ ƒ /api/v1/harness/check/r2
├ ƒ /api/v1/harness/jobs/[id]
├ ƒ /api/v1/harness/jobs/poll
├ ƒ /api/v1/harness/status
├ ƒ /api/v1/harness/trigger
├ ƒ /api/v1/integrations/affiliate-networks
├ ƒ /api/v1/integrations/affiliate-networks/[network]
├ ƒ /api/v1/integrations/affiliate-networks/[network]/validate
├ ƒ /api/v1/integrations/channels
├ ƒ /api/v1/integrations/channels/[provider]
├ ƒ /api/v1/integrations/mcp
├ ƒ /api/v1/integrations/mcp/test
├ ƒ /api/v1/missions
├ ƒ /api/v1/missions/[id]
├ ƒ /api/v1/missions/[id]/generate-video
├ ƒ /api/v1/missions/[id]/stream
├ ƒ /api/v1/overage/[tenantId]
├ ƒ /api/v1/playbook
├ ƒ /api/v1/quota/[tenantId]
├ ƒ /api/v1/settings
├ ƒ /api/v1/settings/[namespace]
├ ƒ /api/v1/settings/branding
├ ƒ /api/v1/settings/channels
├ ƒ /api/v1/settings/export
├ ƒ /api/v1/settings/import
├ ƒ /api/v1/settings/reset
├ ƒ /api/v1/settings/storage
├ ƒ /api/v1/sop/[installationId]/trigger
├ ƒ /api/v1/sop/installations
├ ƒ /api/v1/sops
├ ƒ /api/v1/tracking/links
├ ƒ /api/v1/tracking/links/[id]
├ ƒ /api/v1/usage
├ ƒ /api/v1/usage/batch
├ ƒ /api/v1/videos/[id]/distribute
├ ƒ /api/v1/webhooks
├ ƒ /api/v1/webhooks/[id]
├ ƒ /api/v1/webhooks/[id]/attempts
├ ƒ /api/v1/webhooks/[id]/test
├ ƒ /api/version
├ ƒ /api/video-templates
├ ƒ /api/videos
├ ƒ /api/videos/[id]
├ ƒ /api/videos/[id]/description-enriched
├ ƒ /api/videos/[id]/url
├ ƒ /api/videos/jobs/[jobId]
├ ƒ /api/videos/status/[jobId]
├ ƒ /api/violations
├ ƒ /api/voice-presets
├ ƒ /api/voice/clone
├ ƒ /api/voices
├ ƒ /api/voices/[id]
├ ƒ /api/webhooks/accesstrade
├ ƒ /api/webhooks/amazon
├ ƒ /api/webhooks/awin
├ ƒ /api/webhooks/clickbank
├ ƒ /api/webhooks/heygen
├ ƒ /api/webhooks/nowpayments
├ ƒ /api/webhooks/nowpayments-payout
├ ƒ /api/webhooks/overage-billing
├ ƒ /api/webhooks/payos
├ ƒ /api/webhooks/stripe-connect
├ ƒ /api/webhooks/telegram
├ ƒ /api/webhooks/tiktok-notification
├ ƒ /api/webhooks/tiktok-shop
├ ƒ /api/webhooks/youtube-notification
├ ƒ /api/welcome/milestone
├ ƒ /api/welcome/resend
├ ƒ /api/welcome/status
├ ƒ /api/welcome/validate/[token]
├ ƒ /auth/callback
├ ƒ /blog/feed.xml
├ ƒ /checkout
├ ƒ /creator
├ ƒ /creator/listings
├ ƒ /creator/settings
├ ƒ /dashboard
├ ƒ /dashboard/admin/monitoring
├ ƒ /dashboard/admin/sop-reviews
├ ƒ /dashboard/admin/sop-reviews/[id]/approve
├ ƒ /dashboard/admin/sop-reviews/[id]/reject
├ ƒ /dashboard/analytics/cross-platform
├ ƒ /dashboard/ceo-agent
├ ƒ /dashboard/ip
├ ƒ /dashboard/playbook
├ ƒ /dashboard/provenance
├ ƒ /dashboard/publish/schedule
├ ƒ /dashboard/repurpose
├ ƒ /dashboard/sop-creator
├ ƒ /dashboard/sop-creator/[id]
├ ƒ /dashboard/sop-creator/apply
├ ƒ /dashboard/sop-creator/new
├ ○ /investor-room                                                      1h      1y
├ ƒ /payments
├ ƒ /pricing
├ ƒ /products
├ ƒ /ref/[code]
├ ƒ /register
├ ○ /robots.txt
├ ƒ /settings
├ ƒ /signup
├ ○ /sitemap.xml
├ ƒ /subscribers
└ ƒ /webhook


ƒ Proxy (Middleware)

○  (Static)   prerendered as static content
ƒ  (Dynamic)  server-rendered on demand


> sophia-ai-factory@0.1.5 postbuild
> bash scripts/upload-symbols.sh

⚠️ SENTRY_AUTH_TOKEN not set — skipping source map upload
